Node,StorageType,Period,storPWInvCap_MW,storPWInstalledCap_MW,storENInvCap_MWh,storENInstalledCap_MWh,DiscountedInvestmentCostPWEN_EuroPerMWMWh,ExpectedAnnualDischargeVolume_GWh,ExpectedAnnualLossesChargeDischarge_GWh
Austria,HydroPumpStorage,2020-2025,2.0273233076295583e-05,3503.000020273233,6.608622788917273e-05,124704.00006608623,28.225948658473463,1883.4787244917247,470.86968082287194
Austria,HydroPumpStorage,2025-2030,7.789934107260504e-05,3503.000097955521,3.214072142213215e-05,124704.00009779284,66.73220579064741,2364.616413170345,591.1541018098566
Austria,HydroPumpStorage,2030-2035,1751.4804627612916,5254.4805605008005,4.282180191215571e-05,124704.00014018055,1129019925.637532,8003.321523484485,2000.8303808532073
Austria,HydroPumpStorage,2035-2040,0.018354261523037804,5254.498915721696,2.220352139243591e-05,124704.00016194995,9271.270724894997,9761.09949531133,2440.2748736928
Austria,HydroPumpStorage,2040-2045,3.773009026732115e-06,5254.4989167747635,4.286730562765616e-05,124704.00020438319,2.8202450511312356,11367.084653633261,2841.7711633417457
Austria,HydroPumpStorage,2045-2050,3.96456896666854e-06,5254.498898748742,0.00016010465847126983,124704.0002984016,4.561365295459746,10154.429537685799,2538.6073843693584
Austria,HydroPumpStorage,2050-2055,5.380832451205911e-05,5254.498877703189,4.130269130486183e-05,124704.00030756356,7.711886094474985,9735.984587957455,2433.9961469128257
Austria,HydroPumpStorage,2055-2060,1751.477735015266,5254.496149954479,0.00011519694728660414,124704.00037993872,102416823.09076849,10261.10502731741,2565.2762567491272
Austria,Li-Ion_BESS,2020-2025,0.005370289105208768,0.005370289105208768,0.010740578210417536,0.010740578210417536,3170.1705801989942,0.015453242210861374,0.0017170111192908433
Austria,Li-Ion_BESS,2025-2030,0.0691724585989707,0.07454253065143361,0.1383449171979627,0.14908506130286722,26020.553610458886,0.05455816144309196,0.0060620015000086335
Austria,Li-Ion_BESS,2030-2035,5.8333288178867094e-05,0.07460064688659696,0.00011666657628806439,0.1492012937731939,16.93493081179738,0.09654211907248281,0.010726885847249304
Austria,Li-Ion_BESS,2035-2040,1302.5152228737413,1302.584453283596,2605.0304457466787,2605.168906567192,296280645.0281631,912.1608350961443,101.35120388275953
Austria,Li-Ion_BESS,2040-2045,3731.209462119019,5033.724742892337,7462.418924243355,10067.449485784675,665003006.0743195,3569.4014715967396,396.60016349364736
Austria,Li-Ion_BESS,2045-2050,7801.101188882739,12834.825873453246,15602.202377783276,25669.651746906493,1089390024.8222055,9623.116587924053,1069.2351764223035
Austria,Li-Ion_BESS,2050-2055,7017.338918933699,18549.649569501395,14034.677837836241,37099.29913900279,571196165.6080261,12852.45325902702,1428.050362098884
Austria,Li-Ion_BESS,2055-2060,0.0005429174888734893,14818.440650291046,0.0010858249093165886,29636.881300582092,19.414094258479242,9984.825696389778,1109.4250773596157
BosniaH,HydroPumpStorage,2020-2025,1.6359899859708094e-05,440.00001635989986,9.30355827222229e-06,2199.3400093035584,18.154768471276817,20.989358437659828,5.247339550875785
BosniaH,HydroPumpStorage,2025-2030,1.1548433791682166e-05,440.0000276912809,7.855311377364599e-06,2199.340016724764,10.147183471428967,285.3371486394196,71.33428710278305
BosniaH,HydroPumpStorage,2030-2035,3.6007984171667185e-06,440.0000310750264,0.00046120873204665366,2199.3404774993905,32.05103285668634,535.5019050784788,133.87547621314326
BosniaH,HydroPumpStorage,2035-2040,5.549589082951301e-07,440.00003141293246,219.93266123131895,2419.273139113645,11108094.180787858,561.8122972046821,140.4530742434312
BosniaH,HydroPumpStorage,2040-2045,8.066624943779536e-07,440.0000320025422,1.923362702228463e-05,2419.273160164055,0.9552839722297571,593.7314779327473,148.4328694252948
BosniaH,HydroPumpStorage,2045-2050,5.4961108958477445e-06,440.00002113875314,1.3415167980001316e-05,2419.27315058291,1.561394909031743,662.2469713137002,165.56174277381524
BosniaH,HydroPumpStorage,2050-2055,7.321086921936323e-06,440.0000169114063,6.633822161684091e-05,2419.2732196905586,1.8574608485596502,632.8997694090173,158.2249422935451
BosniaH,HydroPumpStorage,2055-2060,4.049294850067097e-06,440.00001735990276,0.00014253331520224207,2419.2728999065,1.0702373186133671,610.8439692478722,152.71099225567386
BosniaH,Li-Ion_BESS,2020-2025,0.0053377456274739145,0.0053377456274739145,0.010675491254947829,0.010675491254947829,3150.9596264363136,0.015241785282585562,0.0016935185105339107
BosniaH,Li-Ion_BESS,2025-2030,0.00782668814822224,0.013164216722814603,0.015653376296391505,0.026328433445629205,2944.1596074129566,0.024067604514775708,0.0026741653315932794
BosniaH,Li-Ion_BESS,2030-2035,0.10213132873909617,0.1152953284092057,0.20426265747823255,0.2305906568184114,29650.085582702988,0.1297378958025225,0.014415308941694842
BosniaH,Li-Ion_BESS,2035-2040,532.8346190870018,532.9445766637658,1065.6692381742776,1065.8891533275316,121202871.07908456,338.6014065200397,37.622378489212004
BosniaH,Li-Ion_BESS,2040-2045,0.0004825578355614657,532.9372325394878,0.0009651154209701793,1065.8744650789756,86.00491106803673,377.8280586239379,41.98089538956669
BosniaH,Li-Ion_BESS,2045-2050,0.00030522922200332367,532.8354064399656,0.0006104585078325804,1065.6708128799312,42.62394401965633,382.6189651121073,42.513218333380124
BosniaH,Li-Ion_BESS,2050-2055,621.2775299766914,621.2783173296467,1242.5550599533096,1242.5566346592934,50570643.231196664,447.03091409448024,49.67010155289552
BosniaH,Li-Ion_BESS,2055-2060,0.0002941623653700716,621.2781289343475,0.0005883248442430479,1242.556257868695,10.51898978266153,446.3709838081823,49.59677596593781
Belgium,HydroPumpStorage,2020-2025,2.708192755562777e-05,1308.0000270819276,1.3512179975805338e-05,7762.50001351218,29.85480283086868,1263.6695111710737,315.91737772764145
Belgium,HydroPumpStorage,2025-2030,2.3459311442238125e-05,1308.000050324186,5.882936381800509e-06,7762.500018961009,19.78402421247784,597.2032556852402,149.30081384939913
Belgium,HydroPumpStorage,2030-2035,1.283191651743962e-05,1308.0000629390497,2.5915021841591434e-05,7762.5000444419275,9.94207321361087,1189.9496126396784,297.4874030851534
Belgium,HydroPumpStorage,2035-2040,1.321633935238016e-05,1308.0000759383363,776.2470802727457,8538.747124574882,39205759.06035978,1799.384788002192,449.8461969271221
Belgium,HydroPumpStorage,2040-2045,2.1564805581597502e-05,1308.0000972860892,4.1116221444716945e-05,8538.747164748354,8.98463497747924,1892.3364864909083,473.0841215491465
Belgium,HydroPumpStorage,2045-2050,1.8260511578012484e-05,1308.0000884646731,0.0005688580836426041,8538.747724784424,17.15991081174328,1851.465892342857,462.86647301519935
Belgium,HydroPumpStorage,2050-2055,1.3230146091173061e-05,1308.0000782355078,2.5366598604945567e-05,8538.747739792565,2.0986324301055173,1997.4308953937518,499.3577237801791
Belgium,HydroPumpStorage,2055-2060,1.0785735095984191e-05,1308.0000761893264,3.453643424301569e-05,8538.747746050585,0.8326408449777503,1793.978302342545,448.4945755102324
Belgium,Li-Ion_BESS,2020-2025,0.006017410684202376,0.006017410684202376,0.012034821368404752,0.012034821368404752,3552.1771633357703,0.01624328634775483,0.0018047950995083622
Belgium,Li-Ion_BESS,2025-2030,0.10222942013932883,0.10824661377066885,0.20445884027861794,0.2164932275413377,38455.56687123897,0.06774513789570336,0.0075272219161335455
Belgium,Li-Ion_BESS,2030-2035,1.5918744565319304e-05,0.1082623154625648,3.1837489495518826e-05,0.2165246309251296,4.621423703424064,0.12304375768427099,0.01367151202141499
Belgium,Li-Ion_BESS,2035-2040,914.2443185175393,914.346563828175,1828.4886370296094,1828.69312765635,207961405.47627723,668.8180711026297,74.31311899482138
Belgium,Li-Ion_BESS,2040-2045,1995.076010086458,2909.320344090021,3990.1520201770973,5818.640688180042,355576806.26730937,2239.3235695787794,248.81372993685306
Belgium,Li-Ion_BESS,2045-2050,935.9585537977327,3845.2788819668513,1871.9171075949748,7690.5577639337025,130702562.04419726,2687.948375064349,298.66093054683313
Belgium,Li-Ion_BESS,2050-2055,0.00041403271580852795,2931.0349774855163,0.0008280676544808808,5862.0699549710325,33.7014446367427,2101.0210867696987,233.4467874039388
Belgium,Li-Ion_BESS,2055-2060,0.0001256078597493357,935.9590930049942,0.00025121595020252045,1871.9181860099884,4.491630451047015,638.2718925683479,70.9190991574688
Bulgaria,HydroPumpStorage,2020-2025,3.5148406141161104e-06,864.0000035148406,4.053226348332828e-06,1499.2000040532264,4.1161714113968575,0.0199093127437225,0.004977263892323924
Bulgaria,HydroPumpStorage,2025-2030,1.3867078518901097e-05,864.0000171648664,1.1305716729170343e-05,1499.200014924837,12.338603928871702,120.60252559595541,30.150631333618783
Bulgaria,HydroPumpStorage,2030-2035,2.6426462419468223e-05,864.000043374276,149.9193820582026,1649.119398497597,9663954.073591271,471.87414853336617,117.96853706880366
Bulgaria,HydroPumpStorage,2035-2040,1.2625687806193156e-06,864.000044419792,2.3840382312563906e-05,1649.1194177052146,1.8417843388671653,369.83338980691934,92.45834738814915
Bulgaria,HydroPumpStorage,2040-2045,2.2906891628296312e-05,864.0000671096308,1.2262208758226665e-05,1649.119430847658,8.444601758203497,378.99306017190787,94.74826497981915
Bulgaria,HydroPumpStorage,2045-2050,8.836317448394314e-06,864.0000724311075,9.909178441459975e-06,1649.1194377573497,2.244081696556158,429.53039798305093,107.38259943035587
Bulgaria,HydroPumpStorage,2050-2055,4.927492210788813e-06,864.0000634915212,1.766733443468893e-05,1649.1194440008885,0.8910313918706947,393.99135632165616,98.49783901700522
Bulgaria,HydroPumpStorage,2055-2060,1.436256430038134e-05,864.0000514276229,149.9189522300319,1649.1190141727132,876644.7389100265,369.81083769817195,92.4527093618033
Bulgaria,Li-Ion_BESS,2020-2025,0.005666446703241772,0.005666446703241772,0.011332893406483543,0.011332893406483543,3344.9973141035052,0.019613179913661544,0.0021792279412109943
Bulgaria,Li-Ion_BESS,2025-2030,0.004522142294804608,0.01018837194522153,0.009044284589523924,0.02037674389044306,1701.0909890784048,0.025520674200935976,0.00283561598810388
Bulgaria,Li-Ion_BESS,2030-2035,0.0851957569557497,0.09538391184797308,0.1703915139111869,0.19076782369594616,24733.463435785477,0.12078439056351477,0.013420473499089208
Bulgaria,Li-Ion_BESS,2035-2040,2971.2800779272366,2971.369795395544,5942.5601558553235,5942.739590791088,675871392.9697369,1794.561823083466,199.39575810630552
Bulgaria,Li-Ion_BESS,2040-2045,3380.2976178867866,6351.662891144484,6760.595235758654,12703.325782288968,602460971.4722815,4070.433856498612,452.2704284858086
Bulgaria,Li-Ion_BESS,2045-2050,6.175195475212056e-05,6351.577757133891,0.00012351481531952825,12703.155514267783,8.624064214906188,3824.3829212107817,424.93143567638094
Bulgaria,Li-Ion_BESS,2050-2055,3792.6336203219357,7172.931299531247,7585.267240640839,14345.862599062493,308712149.5076129,4478.699148569355,497.63323871590165
Bulgaria,Li-Ion_BESS,2055-2060,8009.487159444723,11802.120841084507,16018.97431888157,23604.241682169013,286412230.7649281,7050.820392554188,783.4244880492179
Switzerland,HydroPumpStorage,2020-2025,9.478438187215943e-05,6681.000094784382,0.00013051729183644056,368989.0001305173,113.22791660859352,2011.0179204229296,502.7544761610301
Switzerland,HydroPumpStorage,2025-2030,6.686924376835534e-05,6681.000161436572,3.7342252611236395e-05,368989.0001674254,58.08564869944427,4606.5976985303905,1151.6494245338934
Switzerland,HydroPumpStorage,2030-2035,2033.7011698892634,8714.701331109323,3.8783879453079884e-05,368989.00020577526,1310941909.5332258,14142.101760730464,3535.525440116082
Switzerland,HydroPumpStorage,2035-2040,1306.7979747347993,10021.49929926185,3.8840828919228844e-05,368989.000244182,660021780.0397193,18229.638259420284,4557.409564195364
Switzerland,HydroPumpStorage,2040-2045,4.771271480764751e-06,10021.499307811702,0.00010596553080452629,368989.0003497134,5.377472892784531,20382.4873663997,5095.621841513535
Switzerland,HydroPumpStorage,2045-2050,0.00026107236760590334,10021.499475842085,0.0002876016746730879,368989.0005067978,66.1842184157308,22054.78943756374,5513.697359288183
Switzerland,HydroPumpStorage,2050-2055,9.454006136008379e-05,10021.499504142055,8.58138712812581e-05,368989.0005552694,13.72592627195508,23693.51912379853,5923.379780864644
Switzerland,HydroPumpStorage,2055-2060,2033.698909838825,10021.497244090568,5.475194371766293e-05,368989.00057123747,118919570.88330965,20662.31757956523,5165.579394814918
Switzerland,Li-Ion_BESS,2020-2025,0.005295648672975708,0.005295648672975708,0.010591297345951416,0.010591297345951416,3126.1090971534954,0.015209448036225894,0.0016899187375326572
Switzerland,Li-Ion_BESS,2025-2030,0.061313474642148556,0.06660890626236968,0.1226269492848032,0.13321781252473935,23064.245312205498,0.055345279366047676,0.006149455214290624
Switzerland,Li-Ion_BESS,2030-2035,5.9499311394957374e-05,0.0666681885210582,0.000118998622694108,0.1333363770421164,17.27344288477154,0.08682114327791031,0.009646774243353548
Switzerland,Li-Ion_BESS,2035-2040,0.37456971044432075,0.43594225029219164,0.7491394208892389,0.8718845005843833,85202.65519332157,0.37771397854728106,0.04196820079686582
Switzerland,Li-Ion_BESS,2040-2045,0.0007045977305564365,0.37533337338082584,0.0014091954617420324,0.7506667467616517,125.57847899836233,0.4283399542676881,0.04759330846919986
Switzerland,Li-Ion_BESS,2045-2050,8638.073008858775,8638.448282809379,17276.146017607633,17276.896565618757,1206269517.8066509,7012.485121477601,779.1650134771578
Switzerland,Li-Ion_BESS,2050-2055,0.006651386063510539,8638.080364370342,0.013302435854706168,17276.160728740684,541.3963382598133,6385.744066185303,709.527118446176
Switzerland,Li-Ion_BESS,2055-2060,0.0004746206203063452,8638.080134351268,0.0009493015711998776,17276.160268702537,16.972967236661123,5795.526658779881,643.9474065116337
CzechR,HydroPumpStorage,2020-2025,3.49919291693368e-05,1172.0000349919292,1.5238185369526036e-05,6723.500015238185,38.341535091603824,408.6649140291666,102.16622845079523
CzechR,HydroPumpStorage,2025-2030,8.121504749555582e-06,1172.0000428963813,5.4143949523978765e-06,6723.500020218473,7.127025669177232,588.3737373337538,147.09343427378326
CzechR,HydroPumpStorage,2030-2035,9.831559362285441e-06,1172.0000525108874,2.935852042483464e-05,6723.50004914289,8.229987228534815,1414.8240106464204,353.7060026017585
CzechR,HydroPumpStorage,2035-2040,8.906871766443654e-06,1172.0000612007068,672.3482197621454,7395.848264488212,33958158.40412023,1613.071938018121,403.26798444595295
CzechR,HydroPumpStorage,2040-2045,1.2585657025045932e-05,1172.0000735693106,9.359977974796811e-05,7395.848359491108,7.679164793722066,1591.7952079230427,397.94880192246677
CzechR,HydroPumpStorage,2045-2050,1.3744490739980364e-05,1172.0000523218723,5.5271207813645835e-05,7395.848403290328,4.400736259059463,1767.903037556093,441.9757593269217
CzechR,HydroPumpStorage,2050-2055,2.638559203652625e-06,1172.0000468389264,4.806909966647141e-05,7395.848444324541,0.9910252657412365,1734.1834229213805,433.5458556730951
CzechR,HydroPumpStorage,2055-2060,5.717584153829744e-06,1172.0000427249518,3.395004374477708e-05,7395.848453550642,0.5328542535290509,1516.2479243500427,379.06198102593567
CzechR,Li-Ion_BESS,2020-2025,0.005400986720705958,0.005400986720705958,0.010801973441411915,0.010801973441411915,3188.2918909189443,0.015922825538043174,0.0017691902154220178
CzechR,Li-Ion_BESS,2025-2030,0.09382926967996828,0.09923003934796325,0.18765853936024568,0.1984600786959265,35295.688361976376,0.07497017945195497,0.008330006690758222
CzechR,Li-Ion_BESS,2030-2035,3.376573701887755e-05,0.09926358803181674,6.753147301302953e-05,0.1985271760636335,9.802643237362604,0.1272603352953415,0.014140023911872801
CzechR,Li-Ion_BESS,2035-2040,290.08277851256673,290.17664139498197,580.1655570258986,580.3532827899639,65984574.475656174,215.05770020310115,23.89530000970382
CzechR,Li-Ion_BESS,2040-2045,0.0002424738082370904,290.0830543179967,0.0004849468372105972,580.1661086359934,43.21536614559682,230.57614716966717,25.619571894662943
CzechR,Li-Ion_BESS,2045-2050,573.3823030836909,863.465323635768,1146.76460616678,1726.930647271536,80070357.53852312,650.1285710525302,72.23650788076063
CzechR,Li-Ion_BESS,2050-2055,1610.1472075397305,2183.529752766245,3220.2944150807225,4367.05950553249,131062489.8751553,1521.127770663932,169.01419672764723
CzechR,Li-Ion_BESS,2055-2060,0.0003924558993442663,2183.5299026465605,0.000784911068664954,4367.059805293121,14.033866994993428,1322.7965276126185,146.97739194321292
Germany,HydroPumpStorage,2020-2025,7.972993262228556e-05,9280.000079729933,2.111568028340116e-05,38626.00002111568,85.93357568315685,4062.7581050966974,1015.689526219438
Germany,HydroPumpStorage,2025-2030,2.6308000889027075e-05,9280.000105820882,9.369996521195358e-06,38626.000030051575,22.41452937090745,2929.3582464344477,732.3395615511732
Germany,HydroPumpStorage,2030-2035,2.325414561710513e-05,9280.000128857977,1970.4560865320652,40596.45611614867,127017371.22924909,7985.08442467249,1996.271106108671
Germany,HydroPumpStorage,2035-2040,2.1373190132165593e-05,9280.000150014108,1892.1431183741718,42488.59923678497,95566095.9520933,9371.2484641431,2342.812115824656
Germany,HydroPumpStorage,2040-2045,1.9375159546492666e-05,9280.00016917222,2.986421789467796e-05,42488.59926530533,7.8247117537629025,10231.119045795578,2557.7797613855673
Germany,HydroPumpStorage,2045-2050,8.595234194661122e-05,9280.000175394627,2.2245600412591195e-05,42488.59926811444,20.135487338968122,10461.576818002777,2615.394196307568
Germany,HydroPumpStorage,2050-2055,6.089638495093234e-05,9280.000209983014,4.503046881996606e-05,42488.599300308466,8.704957045567195,11071.097934779445,2767.7744836266374
Germany,HydroPumpStorage,2055-2060,0.00013054242103735189,9280.000317271286,1970.4554048241662,42488.598618604046,11522151.320550475,10156.007511918191,2539.001877889666
Germany,Li-Ion_BESS,2020-2025,0.005433659977338852,0.005433659977338852,0.010867319954677703,0.010867319954677703,3207.5794553140213,0.015864648630915627,0.0017627264846094418
Germany,Li-Ion_BESS,2025-2030,0.061643567961807214,0.06707701088631969,0.12328713592370526,0.13415402177263938,23188.4162769205,0.047616193914580544,0.005290674849296015
Germany,Li-Ion_BESS,2030-2035,3.134298452006828e-05,0.06710813681789139,6.268596907994895e-05,0.13421627363578278,9.099286041125385,0.08372751930436689,0.009303044398505985
Germany,Li-Ion_BESS,2035-2040,27329.055565650666,27329.11722438055,54658.111078046815,54658.2344487611,6216487962.565178,17247.25126822949,1916.3612519913972
Germany,Li-Ion_BESS,2040-2045,61434.42557980757,88763.48170433904,122868.85229393395,177526.96340867807,10949285596.020794,61017.18409751305,6779.687121719974
Germany,Li-Ion_BESS,2045-2050,0.0005316680567384415,88763.48223049795,0.0009990785095077578,177526.9644609959,70.29192508958569,58099.631602949245,6455.514623640311
Germany,Li-Ion_BESS,2050-2055,106993.67780874622,168428.10389890402,213987.35440477123,336856.20779780805,8709053233.656576,109942.82896129618,12215.869884558151
Germany,Li-Ion_BESS,2055-2060,0.0006211217291183979,106993.67849892666,0.0011642565285471848,213987.35699785332,20.982176450703836,71002.05110908265,7889.116789891437
Denmark,Li-Ion_BESS,2020-2025,0.005449829359488991,0.005449829359488991,0.010899658718977983,0.010899658718977983,3217.1245093303214,0.015918348064436965,0.0017686896204200902
Denmark,Li-Ion_BESS,2025-2030,0.15021090795797284,0.1556605202645789,0.3004218159160085,0.3113210405291578,56504.72836387639,0.10724759372153524,0.011916382655043386
Denmark,Li-Ion_BESS,2030-2035,1.59255000230575e-05,0.15567622871170322,3.185099923809481e-05,0.31135245742340645,4.6233847528063015,0.22080329376810293,0.024533681619482894
Denmark,Li-Ion_BESS,2035-2040,657.489138680004,657.6393655095034,1314.9782773892664,1315.2787310190067,149557796.093319,457.06848462282073,50.78538716299156
Denmark,Li-Ion_BESS,2040-2045,4256.469507326612,4913.958661179405,8512.939014590582,9827.91732235881,758618631.9350237,3137.8059813856685,348.6451090245924
Denmark,Li-Ion_BESS,2045-2050,483.0901933439129,5397.048838894648,966.1803866926456,10794.097677789296,67461455.1173955,3557.5889882703423,395.2876653451548
Denmark,Li-Ion_BESS,2050-2055,0.0001904092275860872,4739.559890629652,0.000380820714084866,9479.119781259304,15.498979084347798,3284.818353973225,364.9798170909297
Denmark,Li-Ion_BESS,2055-2060,0.000257521309527846,483.09064084013255,0.0005150361353808489,966.1812816802651,9.208633855495389,372.5545333252297,41.39494812869353
Estonia,Li-Ion_BESS,2020-2025,0.005992409304307689,0.005992409304307689,0.011984818608615378,0.011984818608615378,3537.4184348104027,0.015771441044650978,0.0017523656828489957
Estonia,Li-Ion_BESS,2025-2030,0.02903246401936028,0.03502465627089849,0.05806492803918515,0.07004931254179698,10921.120945610985,0.04152243461710704,0.00461358410840549
Estonia,Li-Ion_BESS,2030-2035,2.0224661412140553e-05,0.035044663879292726,4.044932267062667e-05,0.07008932775858545,5.871488671961216,0.05559578928666524,0.0061772902351523214
Estonia,Li-Ion_BESS,2035-2040,27.362306489011512,27.391358975869363,54.724612978199005,54.782717951738725,6224051.491821712,17.14365656284351,1.9048507092523277
Estonia,Li-Ion_BESS,2040-2045,137.64772886687837,165.01005458266908,275.2954577336824,330.02010916533817,24532568.97127206,104.59046770216746,11.621163058313465
Estonia,Li-Ion_BESS,2045-2050,185.05315869991492,350.0631936217039,370.1063173997225,700.1263872434077,25841872.867456786,185.09971762091666,20.56663527132847
Estonia,Li-Ion_BESS,2050-2055,4.240960969567336e-05,322.7009295422231,8.481923991849093e-05,645.4018590844462,3.4520509681087086,232.87568679031432,25.875076289828836
Estonia,Li-Ion_BESS,2055-2060,0.00020773031323600722,185.05340840569207,0.00041546062891932784,370.10681681138414,7.4282537116114815,112.26451344997395,12.473834807566671
Spain,HydroPumpStorage,2020-2025,5.328578481567092e-05,5693.000053285785,0.0003076489083468914,1530150.9103076488,88.25320943287795,5340.38103966505,1335.0952598468962
Spain,HydroPumpStorage,2025-2030,2.4309198363943446e-05,5693.000077377929,1.8242914271807773e-06,1530150.910309039,20.149322561411335,8151.250979354318,2037.8127447845548
Spain,HydroPumpStorage,2030-2035,2846.497423137732,8539.497500303873,2.331545820158541e-06,1530150.9103109366,1834877619.0958564,16207.525023167442,4051.8812557115457
Spain,HydroPumpStorage,2035-2040,0.0017121783844536002,8539.4992121669,1.6974642463046248e-05,1530150.910327477,865.6237665913168,20617.459507875854,5154.364877925326
Spain,HydroPumpStorage,2040-2045,0.00019928776738424963,8539.499397943848,7.192724926570628e-05,1530150.9103989701,72.25116644631211,20033.32402172511,5008.331005401592
Spain,HydroPumpStorage,2045-2050,0.00017470671001389935,8539.49953589283,0.00035297029073829865,1530150.9104442915,47.95504870559657,22795.185970798942,5698.796492614119
Spain,HydroPumpStorage,2050-2055,1.5581894215891366e-05,8539.499524026454,0.0018314531146574127,1530150.9122739206,26.451480399149126,19909.422314474596,4977.355578581076
Spain,HydroPumpStorage,2055-2060,2846.4972208374415,8539.499321723984,2.072387503896323e-05,1530150.9122923124,166447562.97010747,22919.809641986118,5729.952410395559
Spain,Li-Ion_BESS,2020-2025,0.005828174853419826,0.005828174853419826,0.011656349706839653,0.011656349706839653,3440.4681190527563,0.015664140106857023,0.001740446144307208
Spain,Li-Ion_BESS,2025-2030,0.008658482063426527,0.014486439864165732,0.017316964127454423,0.028972879728331465,3257.0549216635654,0.028136446382435513,0.003126258255516649
Spain,Li-Ion_BESS,2030-2035,444.4473904246985,444.4618766472711,888.8947808488059,888.9237532945422,129028999.48316027,378.0354404145519,42.003937809857305
Spain,Li-Ion_BESS,2035-2040,2873.7517504605166,3318.207799076144,5747.503501068996,6636.415598152288,653686810.9827328,2860.3729916351044,317.8192212781235
Spain,Li-Ion_BESS,2040-2045,0.004224682814125136,3318.203365139504,0.0084491996299343,6636.406730279008,752.9403447274385,2719.5823508540007,302.1758167468742
Spain,Li-Ion_BESS,2045-2050,21071.60987030273,23945.365845074863,42143.219740557055,47890.731690149725,2942559139.2558546,16331.061612290725,1814.5623990609672
Spain,Li-Ion_BESS,2050-2055,0.00011691130883564278,21071.614211441334,0.00023386825906725092,42143.22842288267,9.517963634413356,13521.026517249842,1502.3362796794709
Spain,Li-Ion_BESS,2055-2060,48113.74818058304,69185.35816733661,96227.4963610058,138370.71633467323,1720505404.718558,42121.10762207366,4680.123069107994
Finland,HydroPumpStorage,2020-2025,0.0,0.0,0.0,0.0,0.0,0.0,0.0
Finland,HydroPumpStorage,2025-2030,0.0,0.0,0.0,0.0,0.0,0.0,0.0
Finland,HydroPumpStorage,2030-2035,0.0,0.0,0.0,0.0,0.0,0.0,0.0
Finland,HydroPumpStorage,2035-2040,0.0,0.0,0.0,0.0,0.0,0.0,0.0
Finland,HydroPumpStorage,2040-2045,0.0,0.0,0.0,0.0,0.0,0.0,0.0
Finland,HydroPumpStorage,2045-2050,0.0,0.0,0.0,0.0,0.0,0.0,0.0
Finland,HydroPumpStorage,2050-2055,0.0,0.0,0.0,0.0,0.0,0.0,0.0
Finland,HydroPumpStorage,2055-2060,0.0,0.0,0.0,0.0,0.0,0.0,0.0
Finland,Li-Ion_BESS,2020-2025,0.006752335502564162,0.006752335502564162,0.013504671005128324,0.013504671005128324,3986.0154525200264,0.017602803614426277,0.0019558516504338554
Finland,Li-Ion_BESS,2025-2030,70.6743382962577,70.68109031013219,141.3486765925129,141.36218062026438,26585514.607522875,37.44013379542118,4.160014850340376
Finland,Li-Ion_BESS,2030-2035,2.5383980858488185e-05,70.68111558163112,5.076795362235942e-05,141.36223116326224,7.369306836992812,34.40848938781163,3.823165470717766
Finland,Li-Ion_BESS,2035-2040,0.0001787008946636587,70.6745425164912,0.0003574018065317074,141.3490850329824,40.648752240227466,37.05476379394556,4.117195959757861
Finland,Li-Ion_BESS,2040-2045,0.8286403091566398,0.8288439599264382,1.6572806183035336,1.6576879198528764,147686.24011458413,0.8413975450669509,0.09348859749728283
Finland,Li-Ion_BESS,2045-2050,6.587828202628811e-05,0.8288844542277891,0.00013175655643828566,1.6577689084555782,9.199616554096492,0.561980236021461,0.062442231144999256
Finland,Li-Ion_BESS,2050-2055,9.800915164927926e-05,0.828803762484579,0.00019601832065941694,1.657607524969158,7.977732960047882,0.7707128921854229,0.08563474886949486
Finland,Li-Ion_BESS,2055-2060,0.11114286790675076,0.11130632123494981,0.22228573580407288,0.22261264246989962,3974.3714043003947,0.2271661637857127,0.02524066729839905
France,HydroPumpStorage,2020-2025,4.101724334759638e-05,5049.000041017243,2.6390975108370185e-05,184296.00002639098,45.83915790135501,3080.121883242165,770.0304452605052
France,HydroPumpStorage,2025-2030,320.8545377628619,5369.854578563049,7.245072056096326e-05,184296.0000984076,263967828.22625014,6863.635203507496,1715.9088008531496
France,HydroPumpStorage,2030-2035,181.7967682154795,5551.6513465614935,3.19731271430085e-05,184296.00012994657,117187819.79229443,9186.290308078422,2296.5725769715373
France,HydroPumpStorage,2035-2040,2021.8478046477635,7573.49915624874,3.1224422467582637e-05,184296.00016073693,1021170533.5389732,14390.101995599209,3597.5254987412113
France,HydroPumpStorage,2040-2045,5.410726859269955e-06,7573.499156187617,5.686214571550657e-05,184296.00021716495,3.8830155497511942,16958.010462643655,4239.5026147288745
France,HydroPumpStorage,2045-2050,0.0002752135937674724,7573.499391588341,2.1065392863337272e-05,184296.0002118394,63.326970012101384,16638.605223015686,4159.651309693839
France,HydroPumpStorage,2050-2055,320.8543747261258,7573.499227346238,0.00015307631425016675,184296.00029246495,42707155.16704563,17360.27597889467,4340.068994639877
France,HydroPumpStorage,2055-2060,181.79631797063945,7573.498777098847,4.77771312705719e-05,184296.00030826897,10630452.977381652,18491.256637785787,4622.81415937892
France,Li-Ion_BESS,2020-2025,0.005526023582230331,0.005526023582230331,0.011052047164460663,0.011052047164460663,3262.103220640564,0.016125295418753616,0.0017916815588345503
France,Li-Ion_BESS,2025-2030,0.26780103853432563,0.2733268450635905,0.5356020770686271,0.546653690127181,100738.52254575596,0.2162236829732171,0.02402483516657005
France,Li-Ion_BESS,2030-2035,1.4119742088349293e-05,0.2733407477528095,2.8239484297192198e-05,0.546681495505619,4.099149282279518,0.29084641100787734,0.032316248934886244
France,Li-Ion_BESS,2035-2040,5.105628394355234e-05,0.2678657804543274,0.00010211256783295916,0.5357315609086548,11.613675193061214,0.2671472398066826,0.02968300738302496
France,Li-Ion_BESS,2040-2045,8276.625330286279,8276.625394899476,16553.25066066989,16553.250789798953,1475119738.1694262,5793.568148221593,643.7297942279656
France,Li-Ion_BESS,2045-2050,0.0001302257722177441,8276.62551122338,0.00026051876252995384,16553.25102244676,18.189600941244695,6272.287306076134,696.9208117669178
France,Li-Ion_BESS,2050-2055,26891.795156508077,35168.42061661783,53783.590312511165,70336.84123323565,2188933790.581535,23519.803414783986,2613.311490520568
France,Li-Ion_BESS,2055-2060,0.0005149194376934291,26891.795801051932,0.0010299856428646244,53783.591602103865,18.415379286005706,18156.689452626953,2017.4099391626353
GreatBrit.,HydroPumpStorage,2020-2025,3.5778211895376444e-05,4190.000035778212,1.9292812794446945e-05,33432.00001929281,39.592867833562146,3670.8156575036064,917.7039143181022
GreatBrit.,HydroPumpStorage,2025-2030,5.879894028006942e-06,4190.000041441053,8.181967721227821e-06,33432.00002704067,5.5105358776474525,3434.3517474556925,858.5879367784592
GreatBrit.,HydroPumpStorage,2030-2035,7.266039310706005e-05,4190.0001138843945,2.5408055477003682e-05,33432.000052014635,48.4753631631243,4396.736876029349,1099.1842195108268
GreatBrit.,HydroPumpStorage,2035-2040,6.545652219907602e-05,4190.000179123862,3343.1952920558906,36775.19534257307,168854113.32228383,5671.352789723681,1417.8381973685423
GreatBrit.,HydroPumpStorage,2040-2045,0.00010597469946106573,4190.000284881509,5.732188370071444e-05,36775.19539860806,39.08821049175726,6450.9621901246865,1612.7405474608925
GreatBrit.,HydroPumpStorage,2045-2050,0.00023101076538365093,4190.000480114063,7.016790400489585e-05,36775.1954523746,54.35437997670172,6801.85196474031,1700.4629903113191
GreatBrit.,HydroPumpStorage,2050-2055,187.98529981581814,4377.985774049811,3.268719517961391e-05,36775.19547590423,25021685.092452027,7455.57795947883,1863.8944898107022
GreatBrit.,HydroPumpStorage,2055-2060,3.0053769276250894e-05,4377.98573032031,6.136141721549328e-05,36775.195512693936,2.116187727571781,6929.213467642853,1732.303366850313
GreatBrit.,Li-Ion_BESS,2020-2025,0.005843584801325122,0.005843584801325122,0.011687169602650245,0.011687169602650245,3449.564866459592,0.015185498329752755,0.0016872650586420776
GreatBrit.,Li-Ion_BESS,2025-2030,1708.8809930717161,1708.8868373838284,3417.7619861386743,3417.7736747676568,642828524.4543672,915.6954688611827,101.74394097215193
GreatBrit.,Li-Ion_BESS,2030-2035,8.322938949406344e-06,1708.886844543051,1.6645884658123227e-05,3417.773689086102,2.416260940588152,1203.3868205108813,133.70964670988832
GreatBrit.,Li-Ion_BESS,2035-2040,246.92752366467315,1955.808525047418,493.8550473277041,3911.617050094836,56168131.244538724,1223.5089565284386,135.94543959932892
GreatBrit.,Li-Ion_BESS,2040-2045,2404.942149789014,2651.8696812261496,4809.884299576301,5303.739362452299,428626099.7351657,1809.7028411510344,201.0780934473299
GreatBrit.,Li-Ion_BESS,2045-2050,1819.7959387702324,4471.665611791477,3639.591877546475,8943.331223582954,254126628.39630076,2993.0749402729552,332.563882238389
GreatBrit.,Li-Ion_BESS,2050-2055,0.000124723825811054,4224.738212850029,0.0002494491113491276,8449.476425700059,10.152301209307861,2991.0566832047734,332.3396314533584
GreatBrit.,Li-Ion_BESS,2055-2060,0.0002294049905366687,1819.7962924670956,0.000458816205312768,3639.592584934191,8.203419164609718,1367.088277850548,151.89869752516398
Greece,HydroPumpStorage,2020-2025,2.1878257143725932e-05,699.0000218782571,1.80568422365468e-05,21190.44001805684,24.868138435749607,492.242001785836,123.06050038758664
Greece,HydroPumpStorage,2025-2030,184.84947737587618,883.8494990370434,2.733043189640036e-06,21190.440020138725,152076122.72596726,1208.9821813848866,302.2455452830923
Greece,HydroPumpStorage,2030-2035,164.6496319832903,1048.4991291624897,8.772277825839401e-06,21190.440028693945,106134621.39387661,2020.7310428814499,505.18276065637616
Greece,HydroPumpStorage,2035-2040,0.00012523059467823623,1048.4992524954055,2.9531945625872744e-05,21190.440057791784,64.7415240390716,1625.460502276186,406.36512550202735
Greece,HydroPumpStorage,2040-2045,2.990305622810561e-06,1048.4992585900854,1.2544765330133946e-05,21190.44006990245,1.4853241516254394,2431.9052108366695,607.9763026481498
Greece,HydroPumpStorage,2045-2050,4.296462905863124e-05,1048.49928352759,2.796122183733131e-05,21190.440079806827,10.449618964715361,2365.0301509967467,591.257537664974
Greece,HydroPumpStorage,2050-2055,184.84925822913016,1048.4990605297473,2.3519558687394792e-05,21190.44010059334,24604263.801157653,2149.1244067758985,537.2811016286078
Greece,HydroPumpStorage,2055-2060,164.64944420728955,1048.4988727537498,6.107388048564922e-05,21190.44015289495,9627797.81714687,2425.8579227932273,606.4644806373332
Greece,Li-Ion_BESS,2020-2025,0.005601945902735524,0.005601945902735524,0.011203891805471048,0.011203891805471048,3306.9214235586437,0.014563772676084287,0.0016181837999258736
Greece,Li-Ion_BESS,2025-2030,169.82553238383133,169.8311341474454,339.65106477248486,339.6622682948908,63883147.41696658,112.6390812824128,12.515453461879464
Greece,Li-Ion_BESS,2030-2035,554.3843583250462,724.2154922207164,1108.7687166452965,1448.4309844414329,160945166.1201355,562.2249468624443,62.469438526369196
Greece,Li-Ion_BESS,2035-2040,5596.624268264134,6320.834158535879,11193.248536522542,12641.668317071759,1273053411.6314175,3484.2492737304847,387.1388081782133
Greece,Li-Ion_BESS,2040-2045,0.004822425554691356,6151.013448588598,0.009644866506125876,12302.026897177197,859.4886011551453,3870.582471809599,430.06471907646227
Greece,Li-Ion_BESS,2045-2050,4.959892476655974e-05,5596.6291398532785,9.919598326801513e-05,11193.258279706557,6.926160408490181,3149.626921885858,349.95854686301095
Greece,Li-Ion_BESS,2050-2055,13076.357659104175,13076.362530694549,26152.715318194823,26152.725061389097,1064387147.5065669,7634.140073523291,848.2377859326475
Greece,Li-Ion_BESS,2055-2060,6626.0243594566455,19702.38206772564,13252.048718928689,39404.76413545128,236940815.3254427,11738.174019605802,1304.2415577193
Croatia,HydroPumpStorage,2020-2025,4.3278299699522904e-07,281.000000432783,1.4883473340887576e-05,21190.440014883472,2.017186847638184,96.32071533753825,24.080178772029026
Croatia,HydroPumpStorage,2025-2030,0.0001358494194928354,281.0001360651496,2.459544475413694e-06,21190.440016908917,111.96600094847442,366.9096572809087,91.72741425863872
Croatia,HydroPumpStorage,2030-2035,140.49837916234912,421.4985150104121,1.1261206636562835e-05,21190.440027736015,90566508.64810628,758.0530991904353,189.51327473500208
Croatia,HydroPumpStorage,2035-2040,0.0010206217447371606,421.4995355957275,2.6998606135679844e-05,21190.440054300518,516.8469484705796,946.5835123613458,236.64587802524147
Croatia,HydroPumpStorage,2040-2045,3.5598749955564604e-06,421.4995403418418,2.0093323098980644e-05,21190.44007395974,1.9487638735125496,959.1321726638552,239.78304309839802
Croatia,HydroPumpStorage,2045-2050,2.201717862308946e-05,421.4995615450786,2.8182654698501625e-05,21190.440087258918,5.671255837042526,964.4271331054912,241.10678320406498
Croatia,HydroPumpStorage,2050-2055,3.6723668140521606e-06,421.4994281652185,1.5386430231187893e-05,21190.440100185806,0.6936087290862583,1084.1582137830067,271.0395533799755
Croatia,HydroPumpStorage,2055-2060,140.4981963135621,421.4992453165159,3.212564748911382e-05,21190.440121050236,8215564.984428766,1184.1114326174095,296.0278580923677
Croatia,Li-Ion_BESS,2020-2025,0.0053021829013562395,0.0053021829013562395,0.010604365802712479,0.010604365802712479,3129.966360360456,0.015028056587251417,0.001669770200290285
Croatia,Li-Ion_BESS,2025-2030,0.1415032708348642,0.14680523668331674,0.28300654166933237,0.2936104733666335,53229.182819066256,0.13360124971877352,0.01484456958796512
Croatia,Li-Ion_BESS,2030-2035,9.667373922757943e-05,0.14690169336965617,0.00019334747847662872,0.29380338673931233,28.065674630553715,0.16474349120962103,0.018304818235715246
Croatia,Li-Ion_BESS,2035-2040,1355.5948961548406,1355.7364960997504,2711.1897923113775,2711.472992199501,308354576.7272042,881.6636269259938,97.96262519951387
Croatia,Li-Ion_BESS,2040-2045,0.00010960451649847191,1355.595101999071,0.0002192086455439922,2711.190203998142,19.53447539701205,942.2036686677048,104.68929650366299
Croatia,Li-Ion_BESS,2045-2050,0.0018182697496137699,1355.5968235946943,0.0036365377793062953,2711.1936471893887,253.91339687223476,965.8129042957111,107.31254490774198
Croatia,Li-Ion_BESS,2050-2055,4.147593369692598,4.149520809853024,8.295186741491984,8.299041619706047,337605.10318410915,3.8446398171228395,0.4271821872372137
Croatia,Li-Ion_BESS,2055-2060,0.00019507242367194016,4.149606277760424,0.00039014446116053834,8.299212555520848,6.975612568421055,4.007594921195948,0.4452883105868011
Hungary,HydroPumpStorage,2020-2025,6.915901664683588e-07,28.000000691590166,2.5530280254315585e-06,1499.200002553028,0.994237617462089,16.97504288217647,4.24376065621073
Hungary,HydroPumpStorage,2025-2030,13.99828753466036,41.99828800919755,2.144734562549294e-06,1499.200004263657,11516425.974061254,62.18735224657522,15.546837993831108
Hungary,HydroPumpStorage,2030-2035,0.0003742007886143822,41.998663470646896,2.9427725227945627e-06,1499.2000067723236,241.402858537221,75.14428662878787,18.786071595957473
Hungary,HydroPumpStorage,2035-2040,0.0008714671059495982,41.99953338205422,4.246090262574099e-06,1499.2000105843083,440.36456371660694,98.48910518401108,24.622276230481717
Hungary,HydroPumpStorage,2040-2045,1.9085463228040546e-06,41.9995349344797,6.899328182878833e-06,1499.2000170495307,0.9092536870150876,102.21773102918235,25.554432694807865
Hungary,HydroPumpStorage,2045-2050,2.29002187064482e-06,41.999537422272276,1.3313186704847965e-05,1499.2000278096896,0.8269450952817319,99.79911527221942,24.9497787560306
Hungary,HydroPumpStorage,2050-2055,13.997925874315476,41.99917487256703,1.7478738205761233e-05,1499.2000431436934,1863186.8085551716,99.56385883897958,24.89096464756765
Hungary,HydroPumpStorage,2055-2060,2.1087732645179625e-05,41.99882175951068,4.50605237289682e-05,1499.2000852614447,1.4965843314910623,112.01529089996077,28.003822661130283
Hungary,Li-Ion_BESS,2020-2025,0.005332405824845517,0.005332405824845517,0.010664811649691033,0.010664811649691033,3147.807452528172,0.015052069980259809,0.0016724379355838115
Hungary,Li-Ion_BESS,2025-2030,564.1552108520623,564.1605425294084,1128.3104217041341,1128.3210850588168,212217856.7296494,378.62537259594785,42.06948582890987
Hungary,Li-Ion_BESS,2030-2035,3.4297523350523434e-05,564.1605771212714,6.859508432004966e-05,1128.321154242543,9.957032837709342,492.3807414993149,54.708971263997746
Hungary,Li-Ion_BESS,2035-2040,3147.8262110690644,3711.981455833549,6295.652422181356,7423.962911667098,716030004.0104805,2480.5757596270923,275.61952883279326
Hungary,Li-Ion_BESS,2040-2045,3874.263038294745,7022.089283215806,7748.526076550263,14044.178566431612,690499044.0585829,4495.967005734655,499.55188951228786
Hungary,Li-Ion_BESS,2045-2050,0.00030993963887582693,7022.089558878322,0.0006198863376795775,14044.179117756645,43.28216376348383,4541.662301899057,504.62914464121354
Hungary,Li-Ion_BESS,2050-2055,5375.487638387322,9249.750986178184,10750.97527677131,18499.501972356367,437553032.96536696,6167.696530028753,685.2996144337187
Hungary,Li-Ion_BESS,2055-2060,0.0001118560353258202,5375.488059751044,0.0002237134797238667,10750.976119502087,3.999895843654933,3598.184679626837,399.79829772212224
Ireland,HydroPumpStorage,2020-2025,6.137732498245896e-06,292.0000061377325,6.528714493470034e-06,2199.3400065287146,7.130134144972534,415.92623756998364,103.98155932450452
Ireland,HydroPumpStorage,2025-2030,6.061743773882008e-07,292.0000065268541,9.416779738584219e-06,2199.3400155113886,1.273421959983028,285.86011537864044,71.4650287740379
Ireland,HydroPumpStorage,2030-2035,8.325746106770797e-07,292.00000714237586,3.0396856234716675e-05,2199.340045474139,2.496093472847894,307.8295514329566,76.95738778957714
Ireland,HydroPumpStorage,2035-2040,1.6197656243498642e-06,292.0000085450885,219.9317164350878,2419.2717608426833,11108046.999957759,366.48259530251755,91.62064875571986
Ireland,HydroPumpStorage,2040-2045,3.6649949765359195e-06,292.0000119930306,4.4904909280868206e-05,2419.2718053249664,2.853748375698597,441.8194029735095,110.45485067664853
Ireland,HydroPumpStorage,2045-2050,4.0945994087954555e-06,292.0000099498977,0.0002193148260136823,2419.272019262174,5.943141945162524,373.35520320727926,93.33880073528576
Ireland,HydroPumpStorage,2050-2055,10.409754030027441,302.4097633737507,1.9499220108996182e-05,2419.272028814485,1385585.1055676965,472.2625969163535,118.06564916322725
Ireland,HydroPumpStorage,2055-2060,3.871892074162066e-05,302.40980135369415,3.934628638570381e-05,2419.2720365780306,2.494145888925336,489.69478695635706,122.42369666999873
Ireland,Li-Ion_BESS,2020-2025,0.006569320615213294,0.006569320615213294,0.013138641230426589,0.013138641230426589,3877.9787341512865,0.017230777487740337,0.0019145156720797335
Ireland,Li-Ion_BESS,2025-2030,84.45715911165696,84.46372814870541,168.914318223561,168.92745629741083,31770188.323002927,57.275299339847464,6.363922138949153
Ireland,Li-Ion_BESS,2030-2035,7.270283568491088e-05,84.46380070100392,0.00014540543450815448,168.92760140200784,21.106571634593347,59.764771089214065,6.640530105673858
Ireland,Li-Ion_BESS,2035-2040,701.0872579165523,785.5444893913001,1402.1745158047784,1571.0889787826002,159474976.8333698,450.65961055494677,50.073290046092325
Ireland,Li-Ion_BESS,2040-2045,2450.367984368492,3151.4553145308037,4900.735968745936,6302.910629061607,436722218.9315245,1943.6076597700107,215.95640662634847
Ireland,Li-Ion_BESS,2045-2050,4082.3580390538846,7233.8132808937835,8164.716078101445,14467.626561787567,570083635.3498791,3822.122793586725,424.6803103841489
Ireland,Li-Ion_BESS,2050-2055,0.00018756415798067995,6532.726210549976,0.0003751095050189422,13065.452421099952,15.266641022796295,3913.222974548803,434.80255271292873
Ireland,Li-Ion_BESS,2055-2060,0.00021691753977870612,4082.3584430934097,0.00043381928334321527,8164.7168861868195,7.756531979860476,2491.3232830889488,276.81369810554395
Italy,HydroPumpStorage,2020-2025,0.0001774814609234454,7256.000177481461,2.490468614269048e-05,38626.000024904686,188.97052601459993,2401.4022867435833,600.3505716288212
Italy,HydroPumpStorage,2025-2030,4.157577733896688e-07,7256.000177680167,8.537929856807309e-06,38626.00003300852,1.0444625513611285,6807.059498951974,1701.7648747153694
Italy,HydroPumpStorage,2030-2035,1.3593862062699337e-05,7256.000191056975,0.00010605712163975917,38626.00013863152,15.599261315189251,10316.598393550952,2579.149598309259
Italy,HydroPumpStorage,2035-2040,2.2675705950732505e-05,7256.000213515629,3862.5988190844437,42488.59895469349,195087499.3325609,10137.054917533264,2534.2637293266657
Italy,HydroPumpStorage,2040-2045,3.361599800615964e-05,7256.000246914573,3.767831017534401e-05,42488.59899654968,13.081261202755519,11330.869997114209,2832.717500245138
Italy,HydroPumpStorage,2045-2050,0.00010802045648193253,7256.0001774535685,2.873025686879082e-05,42488.59899899016,25.3228935905613,10786.753147308658,2696.688286800813
Italy,HydroPumpStorage,2050-2055,4.028256163178223e-05,7256.000217320372,3.020060439293632e-05,42488.59902001243,5.763772780963984,10737.308625236523,2684.327156248339
Italy,HydroPumpStorage,2055-2060,7.579994894128549e-05,7256.00027952646,5.046265665816932e-05,42488.598963902776,4.7274437116627315,11253.400868941648,2813.3502171715672
Italy,Li-Ion_BESS,2020-2025,0.005466291420404391,0.005466291420404391,0.010932582840808782,0.010932582840808782,3226.842336467938,0.014482311516497585,0.001609132262947639
Italy,Li-Ion_BESS,2025-2030,9391.895714222705,9391.900976473715,18783.79093994255,18783.80195294743,3532942523.2186685,6798.183625115341,755.3537361056825
Italy,Li-Ion_BESS,2030-2035,0.0017772586911439985,9391.902988149228,0.00395679122928088,18783.805976298456,567.4121387668303,8617.362266154081,957.4846962256213
Italy,Li-Ion_BESS,2035-2040,36295.449040460306,45687.347963719956,72590.90060140261,91374.69592743991,8256056584.554781,32198.68215712796,3577.6313508260137
Italy,Li-Ion_BESS,2040-2045,0.0025120388572154938,36295.45243213874,1.7971151994135822e-05,72590.90486427749,54.64095545409731,27362.02415408259,3040.224904690529
Italy,Li-Ion_BESS,2045-2050,68150.06775235286,104445.51862749369,136300.1365445422,208891.03725498737,9516862132.893642,78703.46254180161,8744.829171218684
Italy,Li-Ion_BESS,2050-2055,6888.482798990609,75038.55112304522,13776.965623975648,150077.10224609045,560707557.8996209,51414.74140716236,5712.749045225331
Italy,Li-Ion_BESS,2055-2060,29288.443913520332,104326.99337013955,58576.884565365486,208653.9867402791,1047328996.0217639,80313.77001717065,8923.752224109954
Lithuania,HydroPumpStorage,2020-2025,9.424285656223219e-05,900.0000942428566,2.4558728910051286e-05,49280.00002455873,101.53366592589906,1172.8959143134243,293.2239784862528
Lithuania,HydroPumpStorage,2025-2030,0.00020891203172004592,900.0003029378354,2.624442054015451e-05,49280.00005036905,174.03158048266806,1230.0998528035043,307.52496310494666
Lithuania,HydroPumpStorage,2030-2035,203.1304432332396,1103.130745954127,2.5263760125211572e-05,49280.00007498166,130939696.49194364,1866.447657140624,466.6119141992506
Lithuania,HydroPumpStorage,2035-2040,246.86889765939492,1349.9996330023118,2.317542295823644e-05,49280.00009794002,124685569.96960694,2508.5750063806413,627.143751451737
Lithuania,HydroPumpStorage,2040-2045,1.4434697815662663e-05,1349.9996502293338,6.593198584687875e-06,49280.00010409911,5.281663033210907,2620.6510530702617,655.1627631803293
Lithuania,HydroPumpStorage,2045-2050,0.00016436989064170626,1349.9996800613285,1.0279634587550901e-05,49280.000089820016,37.76914727158891,3017.9996153789293,754.4999037616002
Lithuania,HydroPumpStorage,2050-2055,2.3014763953111245e-06,1349.9995211304793,2.748833271932271e-05,49280.000091063914,0.6722188173205362,2678.2661578286143,669.5665393652533
Lithuania,HydroPumpStorage,2055-2060,203.13025833312994,1349.999336231391,3.934621399149121e-05,49280.000105146384,11877944.881809227,2827.5516746616768,706.8879185593328
Lithuania,Li-Ion_BESS,2020-2025,0.005756113595512213,0.005756113595512213,0.011512227191024425,0.011512227191024425,3397.9291653176074,0.015508928292734163,0.0017231939047100812
Lithuania,Li-Ion_BESS,2025-2030,0.025883054876235614,0.0316389514192989,0.05176610975352609,0.0632779028385978,9736.40999123574,0.03700091100194803,0.004111191990659588
Lithuania,Li-Ion_BESS,2030-2035,1.9878635784546085e-05,0.03165861300184347,3.97572711536523e-05,0.06331722600368694,5.7710327881672026,0.05612366373795097,0.006235942253826984
Lithuania,Li-Ion_BESS,2035-2040,81.36719161556421,81.39309437818322,162.73438323112183,162.78618875636644,18508439.35843355,51.51702309324192,5.724113656734438
Lithuania,Li-Ion_BESS,2040-2045,0.528842390027829,81.89605392812217,1.0576847800319125,163.79210785624434,94254.09714230579,58.81587403471938,6.535097094967164
Lithuania,Li-Ion_BESS,2045-2050,0.6697561773107468,82.56578974879247,1.3395123546336114,165.13157949758494,93528.5520549642,58.00856760665332,6.445396380420999
Lithuania,Li-Ion_BESS,2050-2055,8.199737227469121e-05,1.1986801306048238,0.00016399475506094467,2.3973602612096476,6.674408606959862,1.6984614648210796,0.18871792016833874
Lithuania,Li-Ion_BESS,2055-2060,0.00011600941143007131,0.6699537499891774,0.00023201880073465595,1.339907499978355,4.148394380837998,1.3438902536578532,0.1493211187720383
Luxemb.,HydroPumpStorage,2020-2025,3.566682471500826e-05,2827.0000356668247,1.2887056982435752e-05,6120.000012887057,38.80330693391438,529.6733108665198,132.41832762626962
Luxemb.,HydroPumpStorage,2025-2030,4.087516104711555e-05,2827.0000763249336,253.2818651748748,6373.281877627845,20837595.35802345,370.5145009795898,92.62862514575303
Luxemb.,HydroPumpStorage,2030-2035,6.759635360554818e-05,2827.0001437042342,358.71694686983847,6731.998822623351,23123257.80828458,1184.2116821583024,296.0529204477405
Luxemb.,HydroPumpStorage,2035-2040,1.3664780850154786e-07,2827.0001436238285,0.0003625476180257957,6731.999190610094,18.380134758890158,1527.9231524832646,381.980788030197
Luxemb.,HydroPumpStorage,2040-2045,4.17795516436334e-05,2827.0001851863276,4.3899297045913916e-05,6731.999229642249,16.155515924521485,1537.7846124424927,384.4461530199081
Luxemb.,HydroPumpStorage,2045-2050,3.847196939422126e-05,2827.000187991472,5.479186725601841e-05,6731.999270944403,10.036391930683244,1659.6549554009453,414.9137387603471
Luxemb.,HydroPumpStorage,2050-2055,3.78585765153619e-05,2827.000184974888,253.281775208115,6731.999181580253,3371298.8131409707,1781.794142152159,445.4485354450378
Luxemb.,HydroPumpStorage,2055-2060,0.00010934235400023289,2827.0002267208874,358.7160713997208,6731.998306110175,2097581.4555456373,1619.4242871257645,404.85607168993613
Luxemb.,Li-Ion_BESS,2020-2025,0.00544912714864817,0.00544912714864817,0.01089825429729634,0.01089825429729634,3216.709982643758,0.015827364146587475,0.0017585759648836323
Luxemb.,Li-Ion_BESS,2025-2030,0.04227351260222718,0.04772242269822756,0.08454702520468108,0.09544484539645512,15901.996593011692,0.03924809912457748,0.004360879669630847
Luxemb.,Li-Ion_BESS,2030-2035,2.1802131975107423e-05,0.047744007777410585,4.360426439583449e-05,0.09548801555482117,6.329449472056432,0.06513655157428407,0.007237374220316466
Luxemb.,Li-Ion_BESS,2035-2040,0.036644270610268835,0.07893915123890693,0.0732885412201745,0.15787830247781387,8335.40210685505,0.10261631385720561,0.011401792384775919
Luxemb.,Li-Ion_BESS,2040-2045,0.12676253183727076,0.16342817047363634,0.25352506367293004,0.32685634094727267,22592.530809293577,0.23016412420672555,0.025573771472184075
Luxemb.,Li-Ion_BESS,2045-2050,0.28421350829353387,0.44761987663566005,0.5684270165895307,0.8952397532713201,39689.18661083449,0.5272928729566415,0.058588076981698704
Luxemb.,Li-Ion_BESS,2050-2055,0.04218414792006418,0.4531597539453074,0.08436829583989983,0.9063195078906148,3433.6981325441566,0.5629569656324045,0.06255075355099313
Luxemb.,Li-Ion_BESS,2055-2060,8.300837289487104e-05,0.326480230480849,0.00016601674366051707,0.652960460961698,2.968306523382956,0.5046927209539036,0.056076948661799936
Latvia,Li-Ion_BESS,2020-2025,0.005835148110616192,0.005835148110616192,0.011670296221232383,0.011670296221232383,3444.584548239154,0.015554320605859439,0.0017282443396945892
Latvia,Li-Ion_BESS,2025-2030,0.02848358209186357,0.03431851314969753,0.05696716418380171,0.06863702629939505,10714.64842874638,0.04192442067863902,0.004658253114196468
Latvia,Li-Ion_BESS,2030-2035,1.912100666911594e-05,0.0343374171032619,3.824201311543321e-05,0.0686748342065238,5.551082985560928,0.05739940853343298,0.006377697444423324
Latvia,Li-Ion_BESS,2035-2040,466.2475002452874,466.276002434052,932.4950004904862,932.552004868104,106056426.5887731,259.9714630078485,28.885718094889132
Latvia,Li-Ion_BESS,2040-2045,182.77527024386453,649.0227890266041,365.55054048784973,1298.0455780532081,32575524.20526585,414.468122052568,46.05201354425244
Latvia,Li-Ion_BESS,2045-2050,451.87866864853135,1100.901438703537,903.7573372974158,2201.802877407074,63102900.749044865,581.345493215488,64.59394367328386
Latvia,Li-Ion_BESS,2050-2055,3.505451251506435e-05,634.653973512802,7.010901097526283e-05,1269.307947025604,2.8533607725679966,434.43311358622617,48.2703459367708
Latvia,Li-Ion_BESS,2055-2060,7.895065900928511e-05,451.8787822196168,0.00015790128108099824,903.7575644392336,2.8232056879914973,280.6447887124402,31.182754283657516
Macedonia,HydroPumpStorage,2020-2025,0.0,0.0,0.0,0.0,0.0,0.0,0.0
Macedonia,HydroPumpStorage,2025-2030,0.0,0.0,0.0,0.0,0.0,0.0,0.0
Macedonia,HydroPumpStorage,2030-2035,0.0,0.0,0.0,0.0,0.0,0.0,0.0
Macedonia,HydroPumpStorage,2035-2040,0.0,0.0,0.0,0.0,0.0,0.0,0.0
Macedonia,HydroPumpStorage,2040-2045,0.0,0.0,0.0,0.0,0.0,0.0,0.0
Macedonia,HydroPumpStorage,2045-2050,0.0,0.0,0.0,0.0,0.0,0.0,0.0
Macedonia,HydroPumpStorage,2050-2055,0.0,0.0,0.0,0.0,0.0,0.0,0.0
Macedonia,HydroPumpStorage,2055-2060,0.0,0.0,0.0,0.0,0.0,0.0,0.0
Macedonia,Li-Ion_BESS,2020-2025,0.005511027539295348,0.005511027539295348,0.011022055078590696,0.011022055078590696,3253.250808191153,0.015390640564490866,0.0017100590024443341
Macedonia,Li-Ion_BESS,2025-2030,0.14373826687659833,0.1492490773630118,0.2874765337530957,0.2984981547260236,54069.919660062325,0.1270954188713026,0.014121700611837611
Macedonia,Li-Ion_BESS,2030-2035,0.12084285473011121,0.2700917150403093,0.24168570946031176,0.5401834300806186,35082.29089978444,0.28426186711039997,0.03158463973478399
Macedonia,Li-Ion_BESS,2035-2040,1374.6264105084697,1374.8909911963005,2749.2528210176,2749.781982392601,312683638.8751165,856.0301427371537,95.11446029146683
Macedonia,Li-Ion_BESS,2040-2045,415.0843114210262,1789.8315643506721,830.1686228424267,3579.6631287013442,73979313.59030277,1186.155568490786,131.79506315351148
Macedonia,Li-Ion_BESS,2045-2050,0.0015342684390197614,1789.7122557639113,0.003068536252195893,3579.4245115278227,214.25391006128652,1192.3683960583962,132.485377327054
Macedonia,Li-Ion_BESS,2050-2055,2259.6427642965723,2674.7286095519466,4519.28552859347,5349.457219103893,183930019.27415162,1775.4525029245456,197.27250031219444
Macedonia,Li-Ion_BESS,2055-2060,1387.7935974310906,3647.437895561997,2775.5871948624836,7294.875791123994,49626280.95520787,2330.6797547504216,258.96441718223195
Netherlands,Li-Ion_BESS,2020-2025,0.006178130250382768,0.006178130250382768,0.012356260500765536,0.012356260500765536,3647.0525844510394,0.016604333411471935,0.0018449124682881908
Netherlands,Li-Ion_BESS,2025-2030,94.63866564124366,94.6448432015929,189.27733128194217,189.2896864031858,35600158.25388679,47.59764969499649,5.288627728744871
Netherlands,Li-Ion_BESS,2030-2035,0.00020193815813641312,94.6450452755455,0.0004038768548503612,189.290090551091,58.62540691697613,72.84945796252768,8.094384202284111
Netherlands,Li-Ion_BESS,2035-2040,5333.247932806775,5427.886800630231,10666.495866008878,10855.773601260462,1213143700.687719,3586.1711238119465,398.4634581853755
Netherlands,Li-Ion_BESS,2040-2045,8009.9668471165505,13343.214981581004,16019.933694033216,26686.42996316201,1427593943.9757807,9459.1794050405,1051.0199338740936
Netherlands,Li-Ion_BESS,2045-2050,1289.1383002207158,14632.353079744018,2578.2766003787,29264.706159488036,180022585.38147673,9348.214083715196,1038.6904537307905
Netherlands,Li-Ion_BESS,2050-2055,5627.872148704089,14926.977295540632,11255.744297471596,29853.954591081263,458096584.6213816,10155.936682252359,1128.4374091315033
Netherlands,Li-Ion_BESS,2055-2060,0.00017201198809931696,6917.0106205247075,0.000344027243755601,13834.021241049415,6.151049193199327,5063.859716898425,562.6510796387477
NO1,HydroPumpStorage,2020-2025,5.543107590710861e-07,180.44000055431076,2.266801402583951e-06,1417.4082022668015,0.8200404442959541,1.4090260304357654,0.35225642307084853
NO1,HydroPumpStorage,2025-2030,2.9027550600848466e-07,180.44000062753338,3.906123627710097e-06,1417.4082057388196,0.5601681347006594,43.64097674135817,10.910244098847247
NO1,HydroPumpStorage,2030-2035,1.1116865084214947e-06,180.4400015221671,9.448915362801355e-06,1417.4082147536292,1.3256885445124325,130.19800255090195,32.54950055167483
NO1,HydroPumpStorage,2035-2040,7.465038396397466e-07,180.4400020516181,3.465399992246064e-05,1417.4082487564704,2.1272976465845446,157.59166797877586,39.39791690902004
NO1,HydroPumpStorage,2040-2045,1.9021123646170173e-06,180.44000373667765,3.979479489180985e-05,1417.4082883342126,2.058072737246007,211.515655624445,52.87891381926166
NO1,HydroPumpStorage,2045-2050,3.693761995185833e-06,180.4400068761289,0.000230687805871296,1417.4085167552173,6.111315153700183,283.1206666426261,70.78016657545712
NO1,HydroPumpStorage,2050-2055,4.615524318137069e-06,180.4400112013776,3.819433031102769e-05,1417.408551043424,1.122730570410763,272.949865826953,68.2374663721507
NO1,HydroPumpStorage,2055-2060,5.543819912835129e-06,180.44001563351102,5.825822526143056e-05,1417.4085996356807,0.6648344008833683,259.68617216952345,64.92154295632757
NO1,Li-Ion_BESS,2020-2025,0.0053499593588578805,0.0053499593588578805,0.010699918717715761,0.010699918717715761,3158.169594307568,0.015734126955180096,0.0017482174608420282
NO1,Li-Ion_BESS,2025-2030,0.004924845221504288,0.010274587527612632,0.009849690442886899,0.020549175055225265,1852.5754571036807,0.020772877119361665,0.0023080782703582036
NO1,Li-Ion_BESS,2030-2035,0.011914743373167528,0.022189113847804347,0.023829486746686352,0.044378227695608695,3459.0087593725193,0.04589289032870829,0.005099190783399192
NO1,Li-Ion_BESS,2035-2040,0.023477682782936916,0.04031683727201127,0.04695536556659732,0.08063367454402254,5340.423571744887,0.06723413284512948,0.007470440006605289
NO1,Li-Ion_BESS,2040-2045,0.062406799708069,0.0977987917587612,0.12481359941585372,0.1955975835175224,11122.589022827342,0.20134868138709464,0.02237205638620414
NO1,Li-Ion_BESS,2045-2050,0.19950193741923034,0.285385985804604,0.3990038748373556,0.570771971609208,27859.582294123662,0.47817469938631724,0.05313050310153279
NO1,Li-Ion_BESS,2050-2055,6.038628003337625e-05,0.2619686893019352,0.00012077256235644005,0.5239373786038704,4.915312283632514,0.3813757308344694,0.042375062252942165
NO1,Li-Ion_BESS,2055-2060,4.910318296597754e-05,0.1996109927764867,9.820636470087195e-05,0.3992219855529734,1.7558867048095914,0.4507288630338332,0.05008096554143985
NO2,HydroPumpStorage,2020-2025,2.0909392787871184e-05,458.0400209093928,2.8774711609003134e-06,3598.036202877471,22.256996899159248,3.6673559232227833,0.916838889717816
NO2,HydroPumpStorage,2025-2030,1.2768902036572255e-05,458.040033461242,5.1934473862115506e-06,3598.0362076368133,10.932273507596845,133.88158312479376,33.47039569028647
NO2,HydroPumpStorage,2030-2035,1.463421618233572e-06,458.0400347076108,1.9923588640105428e-05,3598.036227126296,2.2276269113459923,460.81399688982225,115.20349913068016
NO2,HydroPumpStorage,2035-2040,6.644612805711103e-06,458.0400411351707,359.79899677895656,3957.8352245323035,18172297.635279845,703.3011461734843,175.82528645156603
NO2,HydroPumpStorage,2040-2045,4.845961527055916e-06,458.04004576407937,3.411591339045702e-05,3957.8352571802216,2.8894634059174265,651.4302822877296,162.85757048003407
NO2,HydroPumpStorage,2045-2050,6.826801888440427e-05,458.0400931227056,4.538670879194968e-05,3957.83530106178,16.6256485188014,766.034062722983,191.50851558961222
NO2,HydroPumpStorage,2050-2055,36.69009239979051,494.7301727535957,2.7763599119629154e-05,3957.835322232236,4883615.85957004,842.8891932876205,210.72229822972704
NO2,HydroPumpStorage,2055-2060,1.0056580423745516e-05,494.7301777616992,3.9760572908045385e-05,3957.8353409347005,0.8205517752944124,760.993508772484,190.24837710097484
NO2,Li-Ion_BESS,2020-2025,0.005277703655839544,0.005277703655839544,0.010555407311679088,0.010555407311679088,3115.515856403932,0.015622339781196948,0.001735795269792425
NO2,Li-Ion_BESS,2025-2030,0.005158137075949384,0.010435623679140941,0.010316274151837472,0.020871247358281882,1940.3326848949634,0.021021258840522056,0.002335675234789644
NO2,Li-Ion_BESS,2030-2035,0.025109109239251495,0.03554451586554135,0.05021821847824541,0.0710890317310827,7289.508978656413,0.06811280930484619,0.007568069462401674
NO2,Li-Ion_BESS,2035-2040,0.5938887718497279,0.6241555840593429,1.1877775436989708,1.2483111681186858,135090.74236413886,0.6391654692012815,0.07101836503541896
NO2,Li-Ion_BESS,2040-2045,0.0004073660616007982,0.6194048130449376,0.0008147321237090508,1.238809626089875,72.60371159431965,0.9048553960067417,0.10053946802589064
NO2,Li-Ion_BESS,2045-2050,0.7402386115210597,1.3345343153267974,1.4804772230431387,2.669068630653595,103371.11900665569,1.698706592911002,0.18874515666845407
NO2,Li-Ion_BESS,2050-2055,0.00016864206433791324,0.7408141855414015,0.00033728412804485465,1.481628371082803,13.727098186969766,1.0386328728159302,0.11540363203694022
NO2,Li-Ion_BESS,2055-2060,0.0001915141122007616,0.7405983335922998,0.0003830282252325292,1.4811966671845995,6.848376570350562,1.3563022086973981,0.15070022491847854
NO3,HydroPumpStorage,2020-2025,1.157688586772565e-06,208.20000115768858,3.0460457765002502e-06,1635.4710030460456,1.5354078226437178,1.8991076143278331,0.474776812102951
NO3,HydroPumpStorage,2025-2030,3.032070775648019e-07,208.20000124384282,3.525141969709687e-06,1635.4710061370818,0.5394635153342648,55.537137718206615,13.884284338566685
NO3,HydroPumpStorage,2030-2035,1.3753617868291325e-06,208.2000024021518,7.553883247047143e-06,1635.4710132568598,1.3735005201267814,141.6761432736616,35.419035726915745
NO3,HydroPumpStorage,2035-2040,1.9413239178270787e-06,208.20000412642284,1.804090529733422e-05,1635.4710308636593,1.8916888081492207,166.94851842523457,41.73712951631461
NO3,HydroPumpStorage,2040-2045,1.3550362156806815e-06,208.20000526440623,6.090382765028944e-05,1635.4710913333813,2.6052834338849205,255.34369273852352,63.83592309349893
NO3,HydroPumpStorage,2045-2050,2.5062700744131565e-06,208.20000661298783,0.0002750188484642202,1635.471363306184,6.852461470662564,324.99842132144187,81.24960524016116
NO3,HydroPumpStorage,2050-2055,6.528335006499628e-06,208.20001283811567,3.1324713319555604e-05,1635.4713911057547,1.2858965566647707,336.7105776765129,84.17764432872666
NO3,HydroPumpStorage,2055-2060,7.116149521154265e-06,208.20001857890338,4.903141810749067e-05,1635.47143258329,0.7028223090194882,288.4232477377665,72.10581184415311
NO3,Li-Ion_BESS,2020-2025,0.005367432961177322,0.005367432961177322,0.010734865922354644,0.010734865922354644,3168.48455108512,0.015881951997173436,0.0017646410038247573
NO3,Li-Ion_BESS,2025-2030,0.005052881478276547,0.010420097386813735,0.010105762956756777,0.02084019477362747,1900.7387630577632,0.02145538893657045,0.0023839119002914484
NO3,Li-Ion_BESS,2030-2035,0.010456899837081056,0.020876780170258357,0.020913799673123006,0.041753560340516714,3035.7773556204784,0.04341304069491045,0.004823650850228599
NO3,Li-Ion_BESS,2035-2040,0.023717525426882605,0.03922687263620611,0.0474350508536661,0.07845374527241222,5394.980118876335,0.06469500520943323,0.007188313909649534
NO3,Li-Ion_BESS,2040-2045,0.0815113908550026,0.11568538201309674,0.16302278171059936,0.23137076402619347,14527.546764215005,0.24082725270263544,0.026758563382568313
NO3,Li-Ion_BESS,2045-2050,0.3206547804890602,0.4258832626657344,0.6413095609783352,0.8517665253314688,44778.052587485654,0.7396414966950371,0.08218236848914429
NO3,Li-Ion_BESS,2050-2055,4.528555627361366e-05,0.40221102279457943,9.057111115314731e-05,0.8044220455891589,3.686145994796258,0.6029055778007663,0.06698948858173485
NO3,Li-Ion_BESS,2055-2060,3.57812305496674e-05,0.320735413170203,7.156246235190003e-05,0.641470826340406,1.2795054184228165,0.6864988040964343,0.07627762483289675
NO4,HydroPumpStorage,2020-2025,1.1584317860524607e-06,249.8400011584318,5.615725740426569e-06,1962.5652056157255,1.8060045780998712,0.3377679017842361,0.08444188590530047
NO4,HydroPumpStorage,2025-2030,1.2295022156860799e-06,249.84000217088118,3.0729024287629465e-06,1962.565208254522,1.2643229589007643,35.34003534091365,8.83500874463611
NO4,HydroPumpStorage,2030-2035,1.8750566079674093e-06,249.84000382888493,5.185271612391112e-06,1962.565213005688,1.542925439344723,166.6787392005351,41.66968471014358
NO4,HydroPumpStorage,2035-2040,1.3386264210386349e-06,249.84000495045856,8.885502569700156e-06,1962.565221457085,1.1248755657211866,196.38418037103355,49.09604500562778
NO4,HydroPumpStorage,2040-2045,3.414143014843902e-06,249.84000814754867,1.2534347457955258e-05,1962.5652335573268,1.6332677916004354,272.5362668440772,68.13406662232762
NO4,HydroPumpStorage,2045-2050,3.117665072259795e-06,249.84001010678207,1.899140463921138e-05,1962.5652469330057,1.145604144379354,279.73378387788864,69.9334458798682
NO4,HydroPumpStorage,2050-2055,9.97345845047063e-06,249.84001885073826,2.1126318116993658e-05,1962.5652649864212,1.6087127002847226,302.95199610038674,75.73799893574603
NO4,HydroPumpStorage,2055-2060,4.231373493793708e-06,249.84002120705514,3.943183448324741e-05,1962.5652992329842,0.478003305404627,254.1674742468531,63.541868472699456
NO4,Li-Ion_BESS,2020-2025,0.005437944340928958,0.005437944340928958,0.010875888681857916,0.010875888681857916,3210.1085860818707,0.016191593406202822,0.0017990459695980635
NO4,Li-Ion_BESS,2025-2030,0.0044618974016414625,0.009899624689811207,0.00892379480326609,0.019799249379622415,1678.4287112978352,0.020940866630273343,0.0023267427890691548
NO4,Li-Ion_BESS,2030-2035,0.011382981395964331,0.02128238903290247,0.02276596279205109,0.04256477806580494,3304.631171894276,0.043569557305691,0.004841041857224642
NO4,Li-Ion_BESS,2035-2040,0.02800988647661449,0.04385433116886857,0.05601977295387253,0.08770866233773714,6371.3552723273315,0.06730572674007188,0.007478394617974247
NO4,Li-Ion_BESS,2040-2045,0.015415472513241067,0.05480790627965371,0.030830945025004927,0.10961581255930743,2747.4564655237095,0.1283670321048085,0.01426298379222384
NO4,Li-Ion_BESS,2045-2050,0.0878626579963699,0.13128758288026374,0.17572531599302335,0.2625751657605275,12269.639998011437,0.27128928735616215,0.03014323425608386
NO4,Li-Ion_BESS,2050-2055,6.763013181779994e-05,0.10334532653547247,0.00013526026308658567,0.20669065307094495,5.504946003332392,0.1807884735745018,0.020087588287794767
NO4,Li-Ion_BESS,2055-2060,0.00014282794686085824,0.08807268196955645,0.000285655893853963,0.1761453639391129,5.107402019423879,0.23922387810174106,0.026580411037792767
NO5,HydroPumpStorage,2020-2025,5.185314648770145e-07,291.4800005185314,3.447157268965384e-06,2289.6594034471573,0.9064095513622294,0.2461172439098304,0.06152922126285372
NO5,HydroPumpStorage,2025-2030,1.6714529373374654e-06,291.48000197293146,4.295499310690293e-06,2289.6594073085507,1.7285002593828633,58.468825205274214,14.617206239497461
NO5,HydroPumpStorage,2030-2035,6.8942704428595e-07,291.48000244530573,9.792738251367131e-06,2289.659416667183,1.0756594589302373,213.16721362146268,53.291803316300516
NO5,HydroPumpStorage,2035-2040,1.162653234347799e-06,291.4800033909061,4.213543403803648e-05,2289.659458368512,2.7153446309325364,253.84548024634128,63.46136997074676
NO5,HydroPumpStorage,2040-2045,3.0922363709260245e-06,291.4800062660897,8.765264423242599e-05,2289.6595455870506,4.149148686778197,359.62518569973327,89.90629633547697
NO5,HydroPumpStorage,2045-2050,2.428266285613656e-06,291.4800081758244,0.00071193671022966,2289.660254076604,16.811812993284025,450.6090709467191,112.6522676470795
NO5,HydroPumpStorage,2050-2055,1.2778875620097475e-05,291.48001928324715,3.9214741722686635e-05,2289.660288995846,2.2228912929989217,444.20791272386145,111.05197809112624
NO5,HydroPumpStorage,2055-2060,5.4517195981278605e-06,291.48002404553966,6.407053359824723e-05,2289.6603432736415,0.6934360739158704,424.1798491090885,106.04496218622447
NO5,Li-Ion_BESS,2020-2025,0.005351912264660197,0.005351912264660197,0.010703824529320394,0.010703824529320394,3159.322426938943,0.015846224742273242,0.001760671715293889
NO5,Li-Ion_BESS,2025-2030,0.004777345790547712,0.010129041002376266,0.009554691580640854,0.020258082004752532,1797.0907030236344,0.021071728658558313,0.0023412894080176083
NO5,Li-Ion_BESS,2030-2035,0.012093415141988962,0.022222239091401374,0.02418683028374638,0.04444447818280275,3510.879554500305,0.04618366823934472,0.005131498871356555
NO5,Li-Ion_BESS,2035-2040,0.020020125707022315,0.03689045253364407,0.040040251413117976,0.07378090506728814,4553.939680501619,0.06466742616545457,0.007185249368500595
NO5,Li-Ion_BESS,2040-2045,0.0618221161956182,0.09393522293896145,0.1236442323916273,0.1878704458779229,11018.382518976174,0.1994487598727335,0.022160953448063982
NO5,Li-Ion_BESS,2045-2050,0.15062678694899004,0.23246859474607146,0.30125357389882684,0.4649371894921429,21034.379019123022,0.4137780406275432,0.04597531789454876
NO5,Li-Ion_BESS,2050-2055,9.969819283389719e-05,0.21254816723173192,0.00019939638412835197,0.42509633446346384,8.115216570749173,0.3227273694090733,0.03585857660154259
NO5,Li-Ion_BESS,2055-2060,7.046974423133908e-05,0.15079652078032935,0.00014093948871669195,0.3015930415606587,2.5199362052777428,0.3664350677665349,0.04071498727403532
Poland,HydroPumpStorage,2020-2025,2.7000895443052286e-05,1591.0000270008954,2.480699731677305e-05,10903.140024806997,30.955674933466028,695.1898911807003,173.79747274324214
Poland,HydroPumpStorage,2025-2030,3.940737119451796e-05,1591.0000661912138,8.657236881127835e-06,10903.140033030131,33.13277482746854,956.2511816866224,239.06279536453115
Poland,HydroPumpStorage,2030-2035,2.9542146960914733e-05,1591.000095516308,1090.310862194226,11993.450891791026,70282429.36508246,1788.5607802038273,447.14019499052284
Poland,HydroPumpStorage,2035-2040,1.737506675679913e-05,1591.0001126743218,0.00013086549723981822,11993.451034603984,15.385186280882568,2144.766164771669,536.1915411408071
Poland,HydroPumpStorage,2040-2045,3.7049787162249124e-05,1591.0001495070564,2.9877864043620596e-05,11993.451054906227,14.00985322871637,2396.4950427196295,599.1237606217206
Poland,HydroPumpStorage,2045-2050,3.0430001912083513e-05,1591.0001529361623,0.00010132449277593294,11993.451129112318,9.262569946941452,2290.4401857331154,572.6100463745468
Poland,HydroPumpStorage,2050-2055,2.0439828698958127e-05,1591.00013396862,7.325637706142549e-05,11993.451195780288,3.6957078315907426,2372.9131197551214,593.2282798847702
Poland,HydroPumpStorage,2055-2060,1.5380027729516632e-05,1591.0001198065013,1090.3035053918295,11993.443838979634,6375498.4726245655,2263.5305318094247,565.8826328962508
Poland,Li-Ion_BESS,2020-2025,0.0055069206428010175,0.0055069206428010175,0.011013841285602035,0.011013841285602035,3250.826439188445,0.016058444205291247,0.0017842600192687949
Poland,Li-Ion_BESS,2025-2030,0.35831689693117064,0.3638236005211978,0.7166337938627259,0.7276472010423956,134787.8073871532,0.2239077226927021,0.024878623772111193
Poland,Li-Ion_BESS,2030-2035,1064.2406826114204,1064.6045059950884,2128.4813652208263,2129.209011990177,308963250.64565414,716.2925159423972,79.58805731382651
Poland,Li-Ion_BESS,2035-2040,119.34028605037402,1183.9392852360852,238.6805721111844,2367.8785704721704,27146106.478672292,725.5408715265941,80.61565237999335
Poland,Li-Ion_BESS,2040-2045,3629.6992518458073,4813.280220092346,7259.398503769346,9626.560440184692,646911125.7757186,3366.766989384087,374.085221029839
Poland,Li-Ion_BESS,2045-2050,3798.9054386964513,7547.944976137474,7597.810877261842,15095.889952274949,530500706.2322679,4817.511960949722,535.2791067577778
Poland,Li-Ion_BESS,2050-2055,0.0003433738004931159,7428.605033520957,0.0006869500076856912,14857.210067041913,27.957140821857067,4782.888529987154,531.4320588754646
Poland,Li-Ion_BESS,2055-2060,0.0003319900388934667,3798.906113612769,0.0006639590532964884,7597.812227225538,11.871341181926736,2453.436118760637,272.6040131830519
Portugal,HydroPumpStorage,2020-2025,4.3149429075128864e-05,2827.000043149429,3.251373709645122e-05,107254.08003251374,48.72084292401262,3045.6532330419245,761.413308189649
Portugal,HydroPumpStorage,2025-2030,6.011669908851983e-05,2827.0001030490757,1.767836780307064e-05,107254.08004975799,50.912560810630794,3312.8951755235435,828.2237938182795
Portugal,HydroPumpStorage,2030-2035,351.11606150803766,3178.1161643401433,4.944925649082334e-05,107254.08009877315,226332547.0629004,5654.01874430601,1413.50468585767
Portugal,HydroPumpStorage,2035-2040,1062.381778592743,4240.497942730046,4.391671683532016e-05,107254.08014225576,536574992.4316668,8192.38180148438,2048.0954503918288
Portugal,HydroPumpStorage,2040-2045,0.0005858149509175951,4240.49851230634,2.0972536508020883e-05,107254.08016279417,205.7208507821037,8280.088847067278,2070.0222116857763
Portugal,HydroPumpStorage,2045-2050,0.00029793044636866915,4240.498779306077,4.647231653373914e-05,107254.08017675279,69.09461398071475,8985.286370622724,2246.3215930358206
Portugal,HydroPumpStorage,2050-2055,9.355902674675798e-05,4240.498816548331,9.390734253313218e-05,107254.08025298173,13.703073898966212,8463.462987980593,2115.86574693056
Portugal,HydroPumpStorage,2055-2060,351.11581801725316,4240.498573061407,4.138766673328024e-05,107254.08024492014,20531329.68047392,9191.692911049324,2297.9232276974867
Portugal,Li-Ion_BESS,2020-2025,0.00599940615666678,0.00599940615666678,0.01199881231333356,0.01199881231333356,3541.5487926120472,0.01617031023720706,0.001796685120369412
Portugal,Li-Ion_BESS,2025-2030,0.007836370194641002,0.013835559298561721,0.015672740389502476,0.027671118597123442,2947.8016958407584,0.027317249272725278,0.0030352359084307753
Portugal,Li-Ion_BESS,2030-2035,0.1461749423902757,0.1600102846356792,0.29234988478015833,0.3200205692713584,42436.53348508097,0.2088802005149772,0.023208897743778042
Portugal,Li-Ion_BESS,2035-2040,0.00013792913422091546,0.1541488076131777,0.0002758582685561281,0.3082976152263554,31.37447620759228,0.23743855263435468,0.026382046467939405
Portugal,Li-Ion_BESS,2040-2045,0.10564801256755384,0.2519604499862981,0.21129602513528745,0.5039208999725961,18829.349211424225,0.47882063376710926,0.05320227687622226
Portugal,Li-Ion_BESS,2045-2050,1.6319450803754503,1.7377305879714955,3.2638901607509787,3.475461175942991,227894.0688720326,2.895727284747279,0.32174746107932656
Portugal,Li-Ion_BESS,2050-2055,0.0001591319432843312,1.7377517907807059,0.0003182638870531105,3.4755035815614117,12.952995003077493,3.3883468397360366,0.3764829684860047
Portugal,Li-Ion_BESS,2055-2060,2839.3056236831617,2840.937727461375,5678.611247366323,5681.87545492275,101531076.9983468,1823.429137101218,202.60323744117812
Romania,HydroPumpStorage,2020-2025,1.5287676319530874e-05,357.0000152876763,7.789833034621552e-06,3686.392807789833,16.86999260414266,67.28938178485474,16.82234539065718
Romania,HydroPumpStorage,2025-2030,1.3560926005754855e-06,357.0000164267161,4.292885474925322e-06,3686.3928116486127,1.4688374889623275,382.9544995228306,95.738624824792
Romania,HydroPumpStorage,2030-2035,26.999751926882354,383.99976756905374,1.2439584018664339e-05,3686.392823654092,17404281.629603665,602.0517749014047,150.51294366820915
Romania,HydroPumpStorage,2035-2040,66.5578589340034,450.5576282472739,368.618919619266,4055.01174283929,52234001.88431375,667.989848355438,166.99746203110928
Romania,HydroPumpStorage,2040-2045,6.3801619766281576e-06,450.55763268523543,0.01741701731205505,4055.02915859855,611.6846894958131,773.5949249429001,193.39873117701896
Romania,HydroPumpStorage,2045-2050,8.018637189314812e-05,450.55769819096196,0.00012079678418874004,4055.029273377456,21.06925788944003,751.8870658245394,187.9717663930233
Romania,HydroPumpStorage,2050-2055,1.4163936663910489e-05,450.55771072313206,0.0001552534518406327,4055.029423389984,3.951776276292076,695.4757089076297,173.86892717176914
Romania,HydroPumpStorage,2055-2060,6.510391398622744e-05,423.5580239001733,9.660572630874402e-05,4055.0295063848553,4.371817577747915,725.221583188751,181.30539573649855
Romania,Li-Ion_BESS,2020-2025,0.005359532527444854,0.005359532527444854,0.010719065054889707,0.010719065054889707,3163.820794237246,0.015108641529907285,0.0016787256434980437
Romania,Li-Ion_BESS,2025-2030,0.008110098751888525,0.013469414226485042,0.016220197503851667,0.026938828452970083,3050.7699687804,0.02530151060566141,0.0028112665404024335
Romania,Li-Ion_BESS,2030-2035,0.37009081600346133,0.3835600131773105,0.7401816320075963,0.767120026354621,107442.29516404332,0.42956238191297,0.047729140832302806
Romania,Li-Ion_BESS,2035-2040,2517.5786133620322,2517.956813843604,5035.157226729293,5035.913627687208,572668789.1072742,1593.7839149481001,177.08710164812848
Romania,Li-Ion_BESS,2040-2045,513.7322334670172,3031.680937211015,1027.464466932176,6063.36187442203,91561056.28496718,2086.0630394762593,231.78478215096652
Romania,Li-Ion_BESS,2045-2050,3.633600224148851e-05,3031.3108827320502,7.267793792541832e-05,6062.6217654641005,5.074530516972251,1818.6647353406436,202.07385946827713
Romania,Li-Ion_BESS,2050-2055,3718.754811841973,4232.487081210788,7437.509623679707,8464.974162421577,302698574.7592177,2533.9206530400297,281.5467392143287
Romania,Li-Ion_BESS,2055-2060,3117.2100493749685,6835.964897118837,6234.420098748241,13671.929794237674,111468695.33984059,4133.76151247586,459.3068347061415
Serbia,HydroPumpStorage,2020-2025,1.178700040327385e-05,642.0000117870004,1.642479037400335e-05,21190.44001642479,14.100953412707877,209.31632067656759,52.32908011320424
Serbia,HydroPumpStorage,2025-2030,2.7133954976833468e-05,642.0000387039025,3.4763527982626073e-06,21190.440019467038,22.609172315370397,874.5695108517335,218.64237765418738
Serbia,HydroPumpStorage,2030-2035,320.99872578751774,962.9987642742188,4.111900221682302e-06,21190.440022927774,206918641.00224212,1698.3590922525525,424.5897730069641
Serbia,HydroPumpStorage,2035-2040,0.0004666474028191551,962.9992278370012,4.042241837244264e-05,21190.440063133145,237.73025532279533,1762.6909684263646,440.6727420414334
Serbia,HydroPumpStorage,2040-2045,2.306869456614218e-06,962.9992307427578,1.3141590312062893e-05,21190.440075840626,1.267061740566411,2027.4790384544274,506.86975955741366
Serbia,HydroPumpStorage,2045-2050,4.0481061690468313e-05,962.9992635049431,2.2214573009966693e-05,21190.440081630408,9.75126151078622,2159.9974141329258,539.9993533596457
Serbia,HydroPumpStorage,2050-2055,0.00011528149019741433,962.9993496363079,2.4112903991159417e-05,21190.440102266955,15.665435783653306,2158.7253477278014,539.6813368456848
Serbia,HydroPumpStorage,2055-2060,320.9980833467958,962.9987071954088,6.459671936354631e-05,21190.44016275178,18770209.693627644,2281.724796326626,570.4311989984243
Serbia,Li-Ion_BESS,2020-2025,0.005381515805987853,0.005381515805987853,0.010763031611975706,0.010763031611975706,3176.7978875609074,0.01532868731976177,0.0017031749333936738
Serbia,Li-Ion_BESS,2025-2030,0.007805815615568584,0.013187114368782483,0.0156116312311524,0.026374228737564967,2936.308001945541,0.02456447803208683,0.0027293733149409125
Serbia,Li-Ion_BESS,2030-2035,0.1186845630002444,0.13187146031614844,0.23736912600069823,0.2637429206322969,34455.710052443384,0.1499372690271833,0.01665968403683036
Serbia,Li-Ion_BESS,2035-2040,1121.4788397673024,1121.60532971195,2242.957679535136,2243.2106594239,255100645.42567015,715.1201666731864,79.45779628393987
Serbia,Li-Ion_BESS,2040-2045,1008.5896117562787,2130.1871356524853,2017.1792235121982,4260.3742713049705,179758100.0268527,1465.4514465330074,162.8279384912098
Serbia,Li-Ion_BESS,2045-2050,0.00015048066172030933,2130.068601570013,0.00030096131400828035,4260.137203140026,21.01397268289454,1475.2454868987757,163.9161651977683
Serbia,Li-Ion_BESS,2050-2055,1366.6610054353887,2375.2507672382103,2733.3220108711394,4750.501534476421,111243241.20730093,1607.3827525027855,178.59808359232628
Serbia,Li-Ion_BESS,2055-2060,546.1436649148967,1912.804820396842,1092.2873298294405,3825.609640793684,19529618.098204996,1324.2795902117507,147.14217667159403
Sweden,HydroPumpStorage,2020-2025,1.2146801680046337e-06,100.00000121468017,4.4015068851877e-06,2199.340004401507,1.7375723993495718,1.3071834618686857,0.32679578357786054
Sweden,HydroPumpStorage,2025-2030,5.220801168297248e-07,100.00000151970748,2.754288172619076e-06,2199.3400067216894,0.6561125737458209,33.44087341598206,8.360218275256857
Sweden,HydroPumpStorage,2030-2035,2.914471027496388e-06,100.00000421712564,2.9802377655568483e-06,2199.340009267821,2.0708027939953078,89.26530597929501,22.316326412736
Sweden,HydroPumpStorage,2035-2040,3.742725332078448,103.7427292848005,4.0067614769096405e-06,2199.340012840477,1890330.8244660131,112.54249034695223,28.135622503621956
Sweden,HydroPumpStorage,2040-2045,1.4368456318641456e-05,103.74274341976074,6.350115995789492e-06,2199.340018756488,5.249978076376566,168.08760314341478,42.021900704904695
Sweden,HydroPumpStorage,2045-2050,2.7829459524248776e-05,103.74277004257533,1.0177311118187429e-05,2199.340024532292,6.587351434701569,153.0197782791832,38.25494448275332
Sweden,HydroPumpStorage,2050-2055,7.385312461185543e-06,103.74277696156622,1.5022137565836402e-05,2199.3400368001408,1.1829695121002424,171.88676937874575,42.97169226501014
Sweden,HydroPumpStorage,2055-2060,6.051834826539427e-06,103.74278027325951,3.399182093062929e-05,2199.340067811724,0.5526436917612607,163.031286310235,40.75782149168024
Sweden,Li-Ion_BESS,2020-2025,0.0053675600952700995,0.0053675600952700995,0.010735120190540199,0.010735120190540199,3168.5596004451763,0.015868767511155988,0.0017631781948352434
Sweden,Li-Ion_BESS,2025-2030,0.0045562578746219905,0.009923600917118088,0.009112515749466326,0.019847201834236175,1713.9242220593244,0.020568870539263876,0.002285412572708429
Sweden,Li-Ion_BESS,2030-2035,0.013161704207161415,0.023085088071359925,0.026323408414125428,0.04617017614271985,3821.0181045507584,0.04564500347824206,0.00507164879985569
Sweden,Li-Ion_BESS,2035-2040,0.025340186416382606,0.043057714392708044,0.05068037283265075,0.08611542878541609,5764.083708751096,0.06674013176441639,0.007415551720328195
Sweden,Li-Ion_BESS,2040-2045,0.024456576397146237,0.06295803291487952,0.04891315279441861,0.12591606582975903,4358.827074044459,0.14036814235455183,0.01559644228901066
Sweden,Li-Ion_BESS,2045-2050,0.08639894513353313,0.1361952738411408,0.1727978902669797,0.2723905476822816,12065.238830336964,0.2549640207036798,0.028329316281609385
Sweden,Li-Ion_BESS,2050-2055,0.0004494832365985641,0.11130457066160752,0.0008989664732422576,0.22260914132321505,36.58696041733387,0.1909690856260074,0.02121876956782874
Sweden,Li-Ion_BESS,2055-2060,0.0003536806362744184,0.08720167490055736,0.0007073612723506774,0.17440334980111472,12.64730911882481,0.22477872893332582,0.024975395243765897
Slovenia,Li-Ion_BESS,2020-2025,0.005390099209173488,0.005390099209173488,0.010780198418346976,0.010780198418346976,3181.8648125856134,0.01545629948414861,0.0017173544926771189
Slovenia,Li-Ion_BESS,2025-2030,0.08586166302876982,0.09125154518508881,0.1717233260576154,0.18250309037017762,32298.51954339906,0.08374374470423677,0.00930484851350479
Slovenia,Li-Ion_BESS,2030-2035,5.4124388326165866e-05,0.091305452520714,0.00010824877684891221,0.182610905041428,15.7130311370902,0.11157164249932783,0.01239683682972359
Slovenia,Li-Ion_BESS,2035-2040,0.18504816172279517,0.27096351503429683,0.37009632344577226,0.5419270300685937,42092.55120687276,0.24244562026281,0.026938389879132767
Slovenia,Li-Ion_BESS,2040-2045,0.13505475882660484,0.3201566108317665,0.2701095176519255,0.640313221663533,24070.431187450984,0.36591207141530746,0.04065688457103925
Slovenia,Li-Ion_BESS,2045-2050,0.14544857909115722,0.46555106553481973,0.2908971581828696,0.9311021310696395,20311.264698422714,0.561662246634369,0.06240690457123773
Slovenia,Li-Ion_BESS,2050-2055,46.69954624790743,46.98004915171995,93.3990924958149,93.9600983034399,3801241.7613919186,35.75692338586037,3.9729914752468547
Slovenia,Li-Ion_BESS,2055-2060,0.00016903221206884526,46.84516342510347,0.0003380644258643614,93.69032685020694,6.044443568471485,37.89486360599655,4.210540388454961
Slovenia,HydroPumpStorage,2020-2025,7.656770719677297e-07,180.00000076567707,6.169213975226739e-06,2700.000006169214,1.451728392964922,47.99508192693066,11.99877042709902
Slovenia,HydroPumpStorage,2025-2030,2.2228718947488778e-06,180.00000277149613,4.5180707629801565e-06,2700.0000102531794,2.2004650087540805,176.02413178778122,44.00603289300107
Slovenia,HydroPumpStorage,2030-2035,29.002928876049634,209.00293143049245,4.489917406107926e-06,2700.0000143089906,18695546.839356262,318.80719576295434,79.70179888524737
Slovenia,HydroPumpStorage,2035-2040,60.99559487296442,269.99852410204034,7.6169099185330705e-06,2700.000021491795,30806920.628937755,458.8631228235013,114.71578065017073
Slovenia,HydroPumpStorage,2040-2045,2.6186626572459817e-06,269.9985265206323,1.6758609228433128e-05,2700.0000378162977,1.5027295533834986,454.6848045394497,113.67120107978309
Slovenia,HydroPumpStorage,2045-2050,3.293966236171981e-06,269.99853333917554,3.9526179360726786e-05,2700.0000711732637,1.6547814740766364,493.89923103968965,123.47480770697466
Slovenia,HydroPumpStorage,2050-2055,0.00011140736901300762,269.99864020080133,3.223191425798774e-05,2700.000098887108,15.257840576937236,479.8435150423962,119.96087870577865
Slovenia,HydroPumpStorage,2055-2060,28.998703845555113,269.9944151703047,0.00010771684007874106,2700.00020211403,1695685.9604348838,494.1501659397562,123.53754142990273
Slovakia,HydroPumpStorage,2020-2025,2.1164989789212996e-05,1016.0000211649898,5.684042207576567e-06,3686.3928056840423,22.820063710469157,198.78975352085646,49.69743832249931
Slovakia,HydroPumpStorage,2025-2030,8.903731427295886e-06,1016.0000298516683,8.405257183648621e-06,3686.392813655194,8.016624468743565,346.1392007882214,86.53480013515849
Slovakia,HydroPumpStorage,2030-2035,1.204709039603297e-05,1016.0000416817059,368.63791138078926,4055.030724786658,23762736.21885814,950.3504979880449,237.5876244381321
Slovakia,HydroPumpStorage,2035-2040,1.40928721499016e-05,1016.0000555575253,0.000592889287113147,4055.0313191160103,37.06279594809925,1004.5285318680619,251.1321329080977
Slovakia,HydroPumpStorage,2040-2045,2.312675861455781e-05,1016.0000784672309,2.2396860899989674e-05,4055.0313384782617,8.876166450345401,945.0251659172405,236.2562914225536
Slovakia,HydroPumpStorage,2045-2050,1.9302900570070512e-05,1016.000076605142,2.2463584762020593e-05,4055.031352422991,4.920844607922988,1014.0590853021589,253.51477126724393
Slovakia,HydroPumpStorage,2050-2055,5.433975218712859e-06,1016.0000731353855,5.9198018007044896e-05,4055.031406592077,1.5112385305037541,1085.0617145408748,271.26542857944713
Slovakia,HydroPumpStorage,2055-2060,3.438702844115486e-06,1016.000064526998,368.63708280975237,4055.0305780210806,2155587.902348492,875.1082835023241,218.77707081833455
Slovakia,Li-Ion_BESS,2020-2025,0.005431400902518178,0.005431400902518178,0.010862801805036355,0.010862801805036355,3206.2458860415545,0.01583626256810118,0.0017595718939983106
Slovakia,Li-Ion_BESS,2025-2030,0.06613649136280988,0.07156767521253475,0.13227298272558635,0.1431353504250695,24878.516015890833,0.05916656313883813,0.006574049126231383
Slovakia,Li-Ion_BESS,2030-2035,3.8363926927766075e-05,0.07160582208669067,7.672785419022758e-05,0.14321164417338134,11.13755921040062,0.09001668982345377,0.01000184133186973
Slovakia,Li-Ion_BESS,2035-2040,0.07911848772048297,0.14529290890464042,0.15823697544105786,0.29058581780928083,17996.93098693875,0.15015702788849927,0.016684101093039284
Slovakia,Li-Ion_BESS,2040-2045,0.27013417501186,0.34929059255375466,0.5402683500230115,0.6985811851075093,48145.25698698035,0.37318552370701996,0.04146504556908144
Slovakia,Li-Ion_BESS,2045-2050,1.0079315058832623,1.3571837345098279,2.015863011766627,2.7143674690196558,140753.27336825043,1.423354711709866,0.15815051052155113
Slovakia,Li-Ion_BESS,2050-2055,0.001169164824996777,1.2792344116141396,0.0023383296505670717,2.5584688232282793,95.16748055957412,1.3439082483209241,0.1493231262959967
Slovakia,Li-Ion_BESS,2055-2060,6.625596289116431e-05,1.0091664925655977,0.0001325119252851835,2.0183329851311953,2.3692550712236526,1.0943340414959495,0.12159265858908207
