Node,RESGeneratorType,Period,ExpectedAnnualCurtailment_GWh
Austria,Hydrorun-of-the-river,2020-2025,0.00040295671368902774
Austria,Hydrorun-of-the-river,2025-2030,1895.892215494804
Austria,Hydrorun-of-the-river,2030-2035,8268.534968435568
Austria,Hydrorun-of-the-river,2035-2040,10152.95907226475
Austria,Hydrorun-of-the-river,2040-2045,9345.761899199884
Austria,Hydrorun-of-the-river,2045-2050,12825.366598122908
Austria,Hydrorun-of-the-river,2050-2055,15494.769517243803
Austria,Hydrorun-of-the-river,2055-2060,1382.4358552175684
Belgium,Hydrorun-of-the-river,2020-2025,50.3926794918221
Belgium,Hydrorun-of-the-river,2025-2030,179.130527510245
Belgium,Hydrorun-of-the-river,2030-2035,232.56771497002518
Belgium,Hydrorun-of-the-river,2035-2040,258.4590075422015
Belgium,Hydrorun-of-the-river,2040-2045,524.2572725976823
Belgium,Hydrorun-of-the-river,2045-2050,869.2288072329709
Belgium,Hydrorun-of-the-river,2050-2055,929.3300546003463
Belgium,Hydrorun-of-the-river,2055-2060,157.50031419452054
Bulgaria,Hydrorun-of-the-river,2020-2025,1255.7947295412246
Bulgaria,Hydrorun-of-the-river,2025-2030,3097.161753896898
Bulgaria,Hydrorun-of-the-river,2030-2035,4748.9348667347385
Bulgaria,Hydrorun-of-the-river,2035-2040,3201.0418218551927
Bulgaria,Hydrorun-of-the-river,2040-2045,5707.046078263304
Bulgaria,Hydrorun-of-the-river,2045-2050,3002.418370808791
Bulgaria,Hydrorun-of-the-river,2050-2055,4161.91691425481
Bulgaria,Hydrorun-of-the-river,2055-2060,2127.4206119743358
Switzerland,Hydrorun-of-the-river,2020-2025,0.000224158110787218
Switzerland,Hydrorun-of-the-river,2025-2030,3.782221131881878
Switzerland,Hydrorun-of-the-river,2030-2035,0.0012911937769640594
Switzerland,Hydrorun-of-the-river,2035-2040,0.001717055991940332
Switzerland,Hydrorun-of-the-river,2040-2045,68.5912383409895
Switzerland,Hydrorun-of-the-river,2045-2050,424.2888818231047
Switzerland,Hydrorun-of-the-river,2050-2055,323.0365160522067
Switzerland,Hydrorun-of-the-river,2055-2060,356.2967137802696
CzechR,Hydrorun-of-the-river,2020-2025,0.00024376023213233932
CzechR,Hydrorun-of-the-river,2025-2030,107.59188363531916
CzechR,Hydrorun-of-the-river,2030-2035,283.11963463094304
CzechR,Hydrorun-of-the-river,2035-2040,356.9809034885641
CzechR,Hydrorun-of-the-river,2040-2045,47.45118138536189
CzechR,Hydrorun-of-the-river,2045-2050,741.6451954653897
CzechR,Hydrorun-of-the-river,2050-2055,548.0604074822137
CzechR,Hydrorun-of-the-river,2055-2060,0.024152566015651026
Germany,Hydrorun-of-the-river,2020-2025,0.0002475867915643774
Germany,Hydrorun-of-the-river,2025-2030,0.0001573406670018225
Germany,Hydrorun-of-the-river,2030-2035,0.0012308817184511227
Germany,Hydrorun-of-the-river,2035-2040,0.0020130922142475543
Germany,Hydrorun-of-the-river,2040-2045,745.2391674218595
Germany,Hydrorun-of-the-river,2045-2050,368.77892859462906
Germany,Hydrorun-of-the-river,2050-2055,1455.690423508588
Germany,Hydrorun-of-the-river,2055-2060,1117.5901408745453
Denmark,Hydrorun-of-the-river,2020-2025,0.00015793422034574296
Denmark,Hydrorun-of-the-river,2025-2030,0.00010874933105934598
Denmark,Hydrorun-of-the-river,2030-2035,0.002265571938834514
Denmark,Hydrorun-of-the-river,2035-2040,0.0017948673375543583
Denmark,Hydrorun-of-the-river,2040-2045,0.00784867794183821
Denmark,Hydrorun-of-the-river,2045-2050,0.016420296479803406
Denmark,Hydrorun-of-the-river,2050-2055,0.01633432434154457
Denmark,Hydrorun-of-the-river,2055-2060,0.01680717161972149
Estonia,Hydrorun-of-the-river,2020-2025,0.7921596783214927
Estonia,Hydrorun-of-the-river,2025-2030,0.19610832236877498
Estonia,Hydrorun-of-the-river,2030-2035,6.143817354680249
Estonia,Hydrorun-of-the-river,2035-2040,17.54920790999751
Estonia,Hydrorun-of-the-river,2040-2045,36.093300077375794
Estonia,Hydrorun-of-the-river,2045-2050,27.546725414408716
Estonia,Hydrorun-of-the-river,2050-2055,31.576655204217165
Estonia,Hydrorun-of-the-river,2055-2060,37.90050142677806
Spain,Hydrorun-of-the-river,2020-2025,137.5359471997919
Spain,Hydrorun-of-the-river,2025-2030,3844.1088071926706
Spain,Hydrorun-of-the-river,2030-2035,10397.741360116052
Spain,Hydrorun-of-the-river,2035-2040,10141.567277024791
Spain,Hydrorun-of-the-river,2040-2045,28429.385110193438
Spain,Hydrorun-of-the-river,2045-2050,6499.322649862266
Spain,Hydrorun-of-the-river,2050-2055,12077.785160565905
Spain,Hydrorun-of-the-river,2055-2060,77.22449355439771
Finland,Hydrorun-of-the-river,2020-2025,0.00021674826256195604
Finland,Hydrorun-of-the-river,2025-2030,0.0031904870664940617
Finland,Hydrorun-of-the-river,2030-2035,569.6588536119649
Finland,Hydrorun-of-the-river,2035-2040,0.0021015915636525095
Finland,Hydrorun-of-the-river,2040-2045,0.005255310917108069
Finland,Hydrorun-of-the-river,2045-2050,1694.1721186908815
Finland,Hydrorun-of-the-river,2050-2055,603.6246246524184
Finland,Hydrorun-of-the-river,2055-2060,0.012131832953540055
France,Hydrorun-of-the-river,2020-2025,0.00034395735439924865
France,Hydrorun-of-the-river,2025-2030,8428.670746985903
France,Hydrorun-of-the-river,2030-2035,22046.067295495366
France,Hydrorun-of-the-river,2035-2040,10109.417500727039
France,Hydrorun-of-the-river,2040-2045,20351.685084747238
France,Hydrorun-of-the-river,2045-2050,18679.5024900401
France,Hydrorun-of-the-river,2050-2055,17025.989764633003
France,Hydrorun-of-the-river,2055-2060,0.042775033506352804
Greece,Hydrorun-of-the-river,2020-2025,0.000866937895686737
Greece,Hydrorun-of-the-river,2025-2030,0.001155668538075542
Greece,Hydrorun-of-the-river,2030-2035,85.69196786013872
Greece,Hydrorun-of-the-river,2035-2040,0.004946669297380112
Greece,Hydrorun-of-the-river,2040-2045,546.5570417689943
Greece,Hydrorun-of-the-river,2045-2050,0.021704010411424765
Greece,Hydrorun-of-the-river,2050-2055,340.43219767461585
Greece,Hydrorun-of-the-river,2055-2060,0.026503029226783617
Hungary,Hydrorun-of-the-river,2020-2025,0.0002299828935679386
Hungary,Hydrorun-of-the-river,2025-2030,54.94842758355657
Hungary,Hydrorun-of-the-river,2030-2035,66.63955968377347
Hungary,Hydrorun-of-the-river,2035-2040,92.63142927235828
Hungary,Hydrorun-of-the-river,2040-2045,361.27324452270665
Hungary,Hydrorun-of-the-river,2045-2050,472.8237828892335
Hungary,Hydrorun-of-the-river,2050-2055,609.3322010860032
Hungary,Hydrorun-of-the-river,2055-2060,333.1908027829229
Ireland,Hydrorun-of-the-river,2020-2025,0.00019056970361723189
Ireland,Hydrorun-of-the-river,2025-2030,2.5502922813366253
Ireland,Hydrorun-of-the-river,2030-2035,0.0041388041890534945
Ireland,Hydrorun-of-the-river,2035-2040,91.19547402397268
Ireland,Hydrorun-of-the-river,2040-2045,0.018360359508713415
Ireland,Hydrorun-of-the-river,2045-2050,154.9292017541654
Ireland,Hydrorun-of-the-river,2050-2055,0.03953711410586058
Ireland,Hydrorun-of-the-river,2055-2060,0.027993691509869058
Italy,Hydrorun-of-the-river,2020-2025,2694.2014229588867
Italy,Hydrorun-of-the-river,2025-2030,167.021356801583
Italy,Hydrorun-of-the-river,2030-2035,5073.309438715866
Italy,Hydrorun-of-the-river,2035-2040,0.001275890785541828
Italy,Hydrorun-of-the-river,2040-2045,12312.167024879003
Italy,Hydrorun-of-the-river,2045-2050,257.3743250430686
Italy,Hydrorun-of-the-river,2050-2055,617.132264847571
Italy,Hydrorun-of-the-river,2055-2060,538.8040020344956
Luxemb.,Hydrorun-of-the-river,2020-2025,0.0001263305996018082
Luxemb.,Hydrorun-of-the-river,2025-2030,1.7960048011143743
Luxemb.,Hydrorun-of-the-river,2030-2035,19.877019390853363
Luxemb.,Hydrorun-of-the-river,2035-2040,28.359310745044137
Luxemb.,Hydrorun-of-the-river,2040-2045,8.795537107839849
Luxemb.,Hydrorun-of-the-river,2045-2050,53.837100682885676
Luxemb.,Hydrorun-of-the-river,2050-2055,58.83448432433099
Luxemb.,Hydrorun-of-the-river,2055-2060,0.008716677656359922
Latvia,Hydrorun-of-the-river,2020-2025,0.00011631138886307524
Latvia,Hydrorun-of-the-river,2025-2030,661.2809188201093
Latvia,Hydrorun-of-the-river,2030-2035,0.001400670803009629
Latvia,Hydrorun-of-the-river,2035-2040,39.31524811395228
Latvia,Hydrorun-of-the-river,2040-2045,0.0062321727621933295
Latvia,Hydrorun-of-the-river,2045-2050,995.1515585472872
Latvia,Hydrorun-of-the-river,2050-2055,1797.4222496029
Latvia,Hydrorun-of-the-river,2055-2060,0.014324157330257124
Netherlands,Hydrorun-of-the-river,2020-2025,0.00011900781916237074
Netherlands,Hydrorun-of-the-river,2025-2030,0.3019045538172088
Netherlands,Hydrorun-of-the-river,2030-2035,0.006986178255961266
Netherlands,Hydrorun-of-the-river,2035-2040,113.11942044615672
Netherlands,Hydrorun-of-the-river,2040-2045,69.82922665356116
Netherlands,Hydrorun-of-the-river,2045-2050,244.98953108790917
Netherlands,Hydrorun-of-the-river,2050-2055,260.4330660376855
Netherlands,Hydrorun-of-the-river,2055-2060,220.18830082558395
Poland,Hydrorun-of-the-river,2020-2025,0.00020997720169020653
Poland,Hydrorun-of-the-river,2025-2030,516.834364842391
Poland,Hydrorun-of-the-river,2030-2035,999.5253612526994
Poland,Hydrorun-of-the-river,2035-2040,2318.633990142078
Poland,Hydrorun-of-the-river,2040-2045,2556.57735823803
Poland,Hydrorun-of-the-river,2045-2050,5180.017222857177
Poland,Hydrorun-of-the-river,2050-2055,5758.388113239783
Poland,Hydrorun-of-the-river,2055-2060,2093.6909841448687
Portugal,Hydrorun-of-the-river,2020-2025,0.0003376002676970285
Portugal,Hydrorun-of-the-river,2025-2030,0.003144618062346376
Portugal,Hydrorun-of-the-river,2030-2035,875.6796425402962
Portugal,Hydrorun-of-the-river,2035-2040,0.01642452997680809
Portugal,Hydrorun-of-the-river,2040-2045,0.031628581864226984
Portugal,Hydrorun-of-the-river,2045-2050,0.06777607364454653
Portugal,Hydrorun-of-the-river,2050-2055,39.213731241307975
Portugal,Hydrorun-of-the-river,2055-2060,20.835479371522556
Romania,Hydrorun-of-the-river,2020-2025,0.0002096384579649126
Romania,Hydrorun-of-the-river,2025-2030,0.0007070062523554222
Romania,Hydrorun-of-the-river,2030-2035,4006.113162919203
Romania,Hydrorun-of-the-river,2035-2040,3118.7673747670497
Romania,Hydrorun-of-the-river,2040-2045,5734.362647157921
Romania,Hydrorun-of-the-river,2045-2050,5171.97958152695
Romania,Hydrorun-of-the-river,2050-2055,6345.193644997342
Romania,Hydrorun-of-the-river,2055-2060,1530.0878879169725
Sweden,Hydrorun-of-the-river,2020-2025,0.0003206706474906569
Sweden,Hydrorun-of-the-river,2025-2030,4.665267313516118
Sweden,Hydrorun-of-the-river,2030-2035,2330.2515210053366
Sweden,Hydrorun-of-the-river,2035-2040,8508.743834243573
Sweden,Hydrorun-of-the-river,2040-2045,10508.995044595826
Sweden,Hydrorun-of-the-river,2045-2050,9648.64148505492
Sweden,Hydrorun-of-the-river,2050-2055,11018.322354453898
Sweden,Hydrorun-of-the-river,2055-2060,11337.326002304111
Slovenia,Hydrorun-of-the-river,2020-2025,0.0002251787129439215
Slovenia,Hydrorun-of-the-river,2025-2030,36.97919593228146
Slovenia,Hydrorun-of-the-river,2030-2035,2156.0394690691364
Slovenia,Hydrorun-of-the-river,2035-2040,1326.445666874381
Slovenia,Hydrorun-of-the-river,2040-2045,5985.503041209376
Slovenia,Hydrorun-of-the-river,2045-2050,8597.10376731283
Slovenia,Hydrorun-of-the-river,2050-2055,10627.343334522526
Slovenia,Hydrorun-of-the-river,2055-2060,7072.559952172295
NO1,Hydrorun-of-the-river,2020-2025,92.04790121112183
NO1,Hydrorun-of-the-river,2025-2030,0.00016352096755784356
NO1,Hydrorun-of-the-river,2030-2035,745.7184781660224
NO1,Hydrorun-of-the-river,2035-2040,0.0026950235759754084
NO1,Hydrorun-of-the-river,2040-2045,1706.336550078568
NO1,Hydrorun-of-the-river,2045-2050,929.375629633448
NO1,Hydrorun-of-the-river,2050-2055,3024.5658143739697
NO1,Hydrorun-of-the-river,2055-2060,2633.007659052458
NO2,Hydrorun-of-the-river,2020-2025,771.278758116334
NO2,Hydrorun-of-the-river,2025-2030,749.3447867409204
NO2,Hydrorun-of-the-river,2030-2035,5091.600984001799
NO2,Hydrorun-of-the-river,2035-2040,8563.786921950681
NO2,Hydrorun-of-the-river,2040-2045,7808.826959809138
NO2,Hydrorun-of-the-river,2045-2050,7784.190905364484
NO2,Hydrorun-of-the-river,2050-2055,11125.253035318969
NO2,Hydrorun-of-the-river,2055-2060,9006.610004288705
NO3,Hydrorun-of-the-river,2020-2025,0.00952869867371627
NO3,Hydrorun-of-the-river,2025-2030,6.155301084550429
NO3,Hydrorun-of-the-river,2030-2035,105.07853408795896
NO3,Hydrorun-of-the-river,2035-2040,124.90951792520991
NO3,Hydrorun-of-the-river,2040-2045,0.006413797869100012
NO3,Hydrorun-of-the-river,2045-2050,0.02393391924486693
NO3,Hydrorun-of-the-river,2050-2055,0.03568017313571122
NO3,Hydrorun-of-the-river,2055-2060,0.02536089394255981
NO4,Hydrorun-of-the-river,2020-2025,0.00925859377556734
NO4,Hydrorun-of-the-river,2025-2030,0.00829551212077297
NO4,Hydrorun-of-the-river,2030-2035,0.0017164247635529032
NO4,Hydrorun-of-the-river,2035-2040,1134.684691426421
NO4,Hydrorun-of-the-river,2040-2045,1414.196963341844
NO4,Hydrorun-of-the-river,2045-2050,0.021725583493848382
NO4,Hydrorun-of-the-river,2050-2055,0.03316683787778967
NO4,Hydrorun-of-the-river,2055-2060,0.03107326565388707
NO5,Hydrorun-of-the-river,2020-2025,0.008552721380027916
NO5,Hydrorun-of-the-river,2025-2030,12.261060662610038
NO5,Hydrorun-of-the-river,2030-2035,549.8106651478253
NO5,Hydrorun-of-the-river,2035-2040,0.0046211101143808974
NO5,Hydrorun-of-the-river,2040-2045,612.3477676218678
NO5,Hydrorun-of-the-river,2045-2050,270.7618491472436
NO5,Hydrorun-of-the-river,2050-2055,1344.0551788299165
NO5,Hydrorun-of-the-river,2055-2060,3675.94143913099
GreatBrit.,Hydrorun-of-the-river,2020-2025,7074.653217295004
GreatBrit.,Hydrorun-of-the-river,2025-2030,3297.6747582739254
GreatBrit.,Hydrorun-of-the-river,2030-2035,3295.229651079965
GreatBrit.,Hydrorun-of-the-river,2035-2040,8186.635419408524
GreatBrit.,Hydrorun-of-the-river,2040-2045,2835.051379113841
GreatBrit.,Hydrorun-of-the-river,2045-2050,5269.065683208199
GreatBrit.,Hydrorun-of-the-river,2050-2055,7135.298837638171
GreatBrit.,Hydrorun-of-the-river,2055-2060,1723.1932582801996
Croatia,Hydrorun-of-the-river,2020-2025,0.00016878307140942418
Croatia,Hydrorun-of-the-river,2025-2030,0.0005392150302090397
Croatia,Hydrorun-of-the-river,2030-2035,0.0006927131747263616
Croatia,Hydrorun-of-the-river,2035-2040,0.0006067562346123551
Croatia,Hydrorun-of-the-river,2040-2045,0.003020201454393454
Croatia,Hydrorun-of-the-river,2045-2050,0.006506528548853188
Croatia,Hydrorun-of-the-river,2050-2055,0.009677221819140495
Croatia,Hydrorun-of-the-river,2055-2060,0.015779485977123232
Lithuania,Hydrorun-of-the-river,2020-2025,0.00013540183699884808
Lithuania,Hydrorun-of-the-river,2025-2030,47.34825112123278
Lithuania,Hydrorun-of-the-river,2030-2035,58.6044675447217
Lithuania,Hydrorun-of-the-river,2035-2040,75.41385094229656
Lithuania,Hydrorun-of-the-river,2040-2045,0.008653535705137137
Lithuania,Hydrorun-of-the-river,2045-2050,82.22365848864682
Lithuania,Hydrorun-of-the-river,2050-2055,77.70105877691313
Lithuania,Hydrorun-of-the-river,2055-2060,0.02346241820078016
Macedonia,Hydrorun-of-the-river,2020-2025,0.00012641650958080574
Macedonia,Hydrorun-of-the-river,2025-2030,0.00010540437164561085
Macedonia,Hydrorun-of-the-river,2030-2035,0.0006601966877381113
Macedonia,Hydrorun-of-the-river,2035-2040,0.0010113730655940494
Macedonia,Hydrorun-of-the-river,2040-2045,0.00474921129659283
Macedonia,Hydrorun-of-the-river,2045-2050,9.714742257182248
Macedonia,Hydrorun-of-the-river,2050-2055,6.019139787117186
Macedonia,Hydrorun-of-the-river,2055-2060,0.016220374070235435
Serbia,Hydrorun-of-the-river,2020-2025,0.0002629701363499808
Serbia,Hydrorun-of-the-river,2025-2030,1666.693561624988
Serbia,Hydrorun-of-the-river,2030-2035,3548.053789118145
Serbia,Hydrorun-of-the-river,2035-2040,3008.0470278352755
Serbia,Hydrorun-of-the-river,2040-2045,3407.055422195609
Serbia,Hydrorun-of-the-river,2045-2050,3517.060348644973
Serbia,Hydrorun-of-the-river,2050-2055,4727.0005028153655
Serbia,Hydrorun-of-the-river,2055-2060,0.023268072274767043
Slovakia,Hydrorun-of-the-river,2020-2025,0.00022681629552860876
Slovakia,Hydrorun-of-the-river,2025-2030,67.2027596042857
Slovakia,Hydrorun-of-the-river,2030-2035,62.776885580394946
Slovakia,Hydrorun-of-the-river,2035-2040,0.0007289471698100279
Slovakia,Hydrorun-of-the-river,2040-2045,0.002744918958202436
Slovakia,Hydrorun-of-the-river,2045-2050,306.2099660772978
Slovakia,Hydrorun-of-the-river,2050-2055,153.00156500295734
Slovakia,Hydrorun-of-the-river,2055-2060,0.011216910600665464
BosniaH,Hydrorun-of-the-river,2020-2025,0.0
BosniaH,Hydrorun-of-the-river,2025-2030,0.0
BosniaH,Hydrorun-of-the-river,2030-2035,0.0
BosniaH,Hydrorun-of-the-river,2035-2040,0.0
BosniaH,Hydrorun-of-the-river,2040-2045,0.0
BosniaH,Hydrorun-of-the-river,2045-2050,0.0
BosniaH,Hydrorun-of-the-river,2050-2055,0.0
BosniaH,Hydrorun-of-the-river,2055-2060,0.0
Austria,Windonshore,2020-2025,0.00022892913936443097
Austria,Windonshore,2025-2030,103.0186306326399
Austria,Windonshore,2030-2035,68.48015321917863
Austria,Windonshore,2035-2040,531.2756490665106
Austria,Windonshore,2040-2045,749.9172600716752
Austria,Windonshore,2045-2050,1353.322179856352
Austria,Windonshore,2050-2055,3727.4384917084385
Austria,Windonshore,2055-2060,3760.0292529981625
BosniaH,Windonshore,2020-2025,0.00021637993206148065
BosniaH,Windonshore,2025-2030,0.7846561599748753
BosniaH,Windonshore,2030-2035,0.007207454151632744
BosniaH,Windonshore,2035-2040,0.3247483978567716
BosniaH,Windonshore,2040-2045,10.582157079090384
BosniaH,Windonshore,2045-2050,1.723637757585781
BosniaH,Windonshore,2050-2055,76.65372193640067
BosniaH,Windonshore,2055-2060,66.34875677784538
Belgium,Windonshore,2020-2025,0.00021987455609311072
Belgium,Windonshore,2025-2030,0.00015665451679327063
Belgium,Windonshore,2030-2035,0.0041938843497041235
Belgium,Windonshore,2035-2040,0.007351914802454981
Belgium,Windonshore,2040-2045,228.47611271165147
Belgium,Windonshore,2045-2050,143.2089560827046
Belgium,Windonshore,2050-2055,131.54375095086013
Belgium,Windonshore,2055-2060,172.59961154049086
Bulgaria,Windonshore,2020-2025,0.00046726049999230103
Bulgaria,Windonshore,2025-2030,0.0003742365122261273
Bulgaria,Windonshore,2030-2035,0.049724196260381
Bulgaria,Windonshore,2035-2040,1347.287660986852
Bulgaria,Windonshore,2040-2045,3138.7914501106707
Bulgaria,Windonshore,2045-2050,12656.429293137026
Bulgaria,Windonshore,2050-2055,19185.33999841692
Bulgaria,Windonshore,2055-2060,8914.324170695085
Switzerland,Windonshore,2020-2025,0.00021030410429704135
Switzerland,Windonshore,2025-2030,1.5817066010067529
Switzerland,Windonshore,2030-2035,0.28249182152798136
Switzerland,Windonshore,2035-2040,0.12989877754399604
Switzerland,Windonshore,2040-2045,74.35106639660978
Switzerland,Windonshore,2045-2050,63.61444773841852
Switzerland,Windonshore,2050-2055,195.0729755856654
Switzerland,Windonshore,2055-2060,218.50238360337283
CzechR,Windonshore,2020-2025,0.0002534009097745985
CzechR,Windonshore,2025-2030,0.0006292772644858673
CzechR,Windonshore,2030-2035,2156.367486211453
CzechR,Windonshore,2035-2040,1879.212665796493
CzechR,Windonshore,2040-2045,18443.22494722191
CzechR,Windonshore,2045-2050,22889.15387177563
CzechR,Windonshore,2050-2055,25925.24933823041
CzechR,Windonshore,2055-2060,28144.036347639278
Germany,Windonshore,2020-2025,0.0002450175390892286
Germany,Windonshore,2025-2030,0.00015778594283071595
Germany,Windonshore,2030-2035,2185.302276452695
Germany,Windonshore,2035-2040,2445.957577941681
Germany,Windonshore,2040-2045,15839.955340272672
Germany,Windonshore,2045-2050,8859.895954666126
Germany,Windonshore,2050-2055,20477.68817075081
Germany,Windonshore,2055-2060,21515.00534230768
Denmark,Windonshore,2020-2025,0.0002673704060005303
Denmark,Windonshore,2025-2030,0.00016015209488669317
Denmark,Windonshore,2030-2035,0.009321666153583723
Denmark,Windonshore,2035-2040,0.015479061487997967
Denmark,Windonshore,2040-2045,879.9553347267123
Denmark,Windonshore,2045-2050,762.9736141102662
Denmark,Windonshore,2050-2055,3502.898044972034
Denmark,Windonshore,2055-2060,2011.4679337017792
Estonia,Windonshore,2020-2025,0.00020398277069137325
Estonia,Windonshore,2025-2030,0.009814131417623776
Estonia,Windonshore,2030-2035,0.004260677901077896
Estonia,Windonshore,2035-2040,26.12918014999393
Estonia,Windonshore,2040-2045,999.9241670831967
Estonia,Windonshore,2045-2050,734.560623836647
Estonia,Windonshore,2050-2055,2402.508390468902
Estonia,Windonshore,2055-2060,4538.965845500295
Spain,Windonshore,2020-2025,40.97338554531923
Spain,Windonshore,2025-2030,2085.1484293640374
Spain,Windonshore,2030-2035,11497.752763752198
Spain,Windonshore,2035-2040,13483.925166450901
Spain,Windonshore,2040-2045,58920.25988646379
Spain,Windonshore,2045-2050,160020.87378047526
Spain,Windonshore,2050-2055,221921.2032160581
Spain,Windonshore,2055-2060,114655.00224927253
Finland,Windonshore,2020-2025,0.0002187287738573278
Finland,Windonshore,2025-2030,1661.3131880479953
Finland,Windonshore,2030-2035,0.0030527378525325574
Finland,Windonshore,2035-2040,321.92904328396963
Finland,Windonshore,2040-2045,110.43512924625031
Finland,Windonshore,2045-2050,41.70646005967016
Finland,Windonshore,2050-2055,11.889162628105952
Finland,Windonshore,2055-2060,83.43467983252347
France,Windonshore,2020-2025,0.0002673044650134522
France,Windonshore,2025-2030,0.00018114637371939612
France,Windonshore,2030-2035,0.0033796782839457585
France,Windonshore,2035-2040,0.007335724973769386
France,Windonshore,2040-2045,4834.276009406431
France,Windonshore,2045-2050,46064.83516650377
France,Windonshore,2050-2055,49668.663860718385
France,Windonshore,2055-2060,76915.33589469016
GreatBrit.,Windonshore,2020-2025,13.82370401306149
GreatBrit.,Windonshore,2025-2030,8629.660488794521
GreatBrit.,Windonshore,2030-2035,2193.3563769574994
GreatBrit.,Windonshore,2035-2040,1971.3393789643058
GreatBrit.,Windonshore,2040-2045,10997.884946022958
GreatBrit.,Windonshore,2045-2050,2864.265045476293
GreatBrit.,Windonshore,2050-2055,7399.554310333334
GreatBrit.,Windonshore,2055-2060,3975.532953196378
Greece,Windonshore,2020-2025,122.88079650272526
Greece,Windonshore,2025-2030,529.9126295117767
Greece,Windonshore,2030-2035,7132.062964925923
Greece,Windonshore,2035-2040,3253.8789809949985
Greece,Windonshore,2040-2045,23137.109908298567
Greece,Windonshore,2045-2050,23005.661093099898
Greece,Windonshore,2050-2055,34894.58853672499
Greece,Windonshore,2055-2060,13215.320798195604
Croatia,Windonshore,2020-2025,0.00020494739724646367
Croatia,Windonshore,2025-2030,2.4026851070345603
Croatia,Windonshore,2030-2035,0.010612893063124889
Croatia,Windonshore,2035-2040,0.012374780666958306
Croatia,Windonshore,2040-2045,0.30361072587518223
Croatia,Windonshore,2045-2050,0.09743107892778065
Croatia,Windonshore,2050-2055,71.0097553370984
Croatia,Windonshore,2055-2060,217.15485377301084
Hungary,Windonshore,2020-2025,0.0002075191524246477
Hungary,Windonshore,2025-2030,315.65299054180184
Hungary,Windonshore,2030-2035,1934.0606686604563
Hungary,Windonshore,2035-2040,1222.92056757279
Hungary,Windonshore,2040-2045,2676.8082291297205
Hungary,Windonshore,2045-2050,10862.65347323202
Hungary,Windonshore,2050-2055,6926.24368621088
Hungary,Windonshore,2055-2060,16280.336398991647
Ireland,Windonshore,2020-2025,0.0002972802657429197
Ireland,Windonshore,2025-2030,538.7763110428548
Ireland,Windonshore,2030-2035,645.4309599769092
Ireland,Windonshore,2035-2040,8321.451262261658
Ireland,Windonshore,2040-2045,16227.598134921926
Ireland,Windonshore,2045-2050,20004.76345947026
Ireland,Windonshore,2050-2055,25843.91564092606
Ireland,Windonshore,2055-2060,11374.662959576672
Italy,Windonshore,2020-2025,0.00017839748280866702
Italy,Windonshore,2025-2030,319.61308253066284
Italy,Windonshore,2030-2035,3611.8381679360245
Italy,Windonshore,2035-2040,168.57150092104368
Italy,Windonshore,2040-2045,17610.823963123166
Italy,Windonshore,2045-2050,53579.5309119173
Italy,Windonshore,2050-2055,48587.99924693631
Italy,Windonshore,2055-2060,45357.02743572425
Lithuania,Windonshore,2020-2025,0.00021884873195028576
Lithuania,Windonshore,2025-2030,218.62737286986146
Lithuania,Windonshore,2030-2035,923.0572470007788
Lithuania,Windonshore,2035-2040,170.9888527275263
Lithuania,Windonshore,2040-2045,4213.885440034323
Lithuania,Windonshore,2045-2050,3119.0293552837534
Lithuania,Windonshore,2050-2055,4644.643756765633
Lithuania,Windonshore,2055-2060,4933.614855372173
Luxemb.,Windonshore,2020-2025,0.00017022912477776165
Luxemb.,Windonshore,2025-2030,0.00012360199096503842
Luxemb.,Windonshore,2030-2035,0.011153561518620287
Luxemb.,Windonshore,2035-2040,0.37787332508181876
Luxemb.,Windonshore,2040-2045,62.298396377171805
Luxemb.,Windonshore,2045-2050,34.76449468361942
Luxemb.,Windonshore,2050-2055,26.383326486402655
Luxemb.,Windonshore,2055-2060,26.204630604259933
Latvia,Windonshore,2020-2025,0.0002115445805162488
Latvia,Windonshore,2025-2030,0.01916790774101131
Latvia,Windonshore,2030-2035,0.049768989928229264
Latvia,Windonshore,2035-2040,0.020069797607188227
Latvia,Windonshore,2040-2045,15.263315765796882
Latvia,Windonshore,2045-2050,7.621327150977255
Latvia,Windonshore,2050-2055,2.2558204682332517
Latvia,Windonshore,2055-2060,20.167563219282567
Macedonia,Windonshore,2020-2025,0.00018974711840960014
Macedonia,Windonshore,2025-2030,0.00017926256492447368
Macedonia,Windonshore,2030-2035,0.01946830836985728
Macedonia,Windonshore,2035-2040,0.32982341631606094
Macedonia,Windonshore,2040-2045,0.19471769039096293
Macedonia,Windonshore,2045-2050,0.33453252021191954
Macedonia,Windonshore,2050-2055,0.000459502604520605
Macedonia,Windonshore,2055-2060,0.00036552748789876836
Netherlands,Windonshore,2020-2025,0.0002288838982010332
Netherlands,Windonshore,2025-2030,0.0001544389413068453
Netherlands,Windonshore,2030-2035,0.008283760739035213
Netherlands,Windonshore,2035-2040,0.013275875241429662
Netherlands,Windonshore,2040-2045,3131.616391103914
Netherlands,Windonshore,2045-2050,858.6392759991506
Netherlands,Windonshore,2050-2055,266.2857588624541
Netherlands,Windonshore,2055-2060,21.47378759916904
Poland,Windonshore,2020-2025,0.00024070601357070381
Poland,Windonshore,2025-2030,268.38263851958004
Poland,Windonshore,2030-2035,12356.660464344754
Poland,Windonshore,2035-2040,7917.963116258014
Poland,Windonshore,2040-2045,6127.9956099514675
Poland,Windonshore,2045-2050,12342.256416365848
Poland,Windonshore,2050-2055,6240.581080991355
Poland,Windonshore,2055-2060,15035.929167754355
Portugal,Windonshore,2020-2025,4.23870803091198
Portugal,Windonshore,2025-2030,1520.8352364847299
Portugal,Windonshore,2030-2035,4258.003619392139
Portugal,Windonshore,2035-2040,5567.228412950602
Portugal,Windonshore,2040-2045,15908.46707162886
Portugal,Windonshore,2045-2050,27993.991997580884
Portugal,Windonshore,2050-2055,12137.716369701806
Portugal,Windonshore,2055-2060,29440.086298500362
Romania,Windonshore,2020-2025,0.00021128301123481043
Romania,Windonshore,2025-2030,16.524263680147424
Romania,Windonshore,2030-2035,1504.1142914480752
Romania,Windonshore,2035-2040,3490.4609780239166
Romania,Windonshore,2040-2045,11815.813150388505
Romania,Windonshore,2045-2050,25843.268041610674
Romania,Windonshore,2050-2055,39704.09991981869
Romania,Windonshore,2055-2060,29039.81928479053
Serbia,Windonshore,2020-2025,0.00016615072277232718
Serbia,Windonshore,2025-2030,0.0001697352257064389
Serbia,Windonshore,2030-2035,0.007091517157869986
Serbia,Windonshore,2035-2040,0.01724159000487916
Serbia,Windonshore,2040-2045,0.16853821906388122
Serbia,Windonshore,2045-2050,0.15915998730722178
Serbia,Windonshore,2050-2055,0.00047189788188896245
Serbia,Windonshore,2055-2060,0.00037966547736959297
Sweden,Windonshore,2020-2025,0.00032414788103770243
Sweden,Windonshore,2025-2030,0.00016121637929684694
Sweden,Windonshore,2030-2035,0.003582883999488028
Sweden,Windonshore,2035-2040,0.003965371812781463
Sweden,Windonshore,2040-2045,0.05290996740284425
Sweden,Windonshore,2045-2050,0.026164842731958363
Sweden,Windonshore,2050-2055,104.27205917294293
Sweden,Windonshore,2055-2060,0.05778274493597174
Slovenia,Windonshore,2020-2025,0.00016757356468857595
Slovenia,Windonshore,2025-2030,0.0056827215670359425
Slovenia,Windonshore,2030-2035,0.005678052262595041
Slovenia,Windonshore,2035-2040,0.005894303769022826
Slovenia,Windonshore,2040-2045,0.024039301554526032
Slovenia,Windonshore,2045-2050,0.013266431536307084
Slovenia,Windonshore,2050-2055,0.00028850713239600385
Slovenia,Windonshore,2055-2060,0.00041415994733061786
Slovakia,Windonshore,2020-2025,0.00021458879344062783
Slovakia,Windonshore,2025-2030,0.0010571758114209296
Slovakia,Windonshore,2030-2035,0.007803464253473548
Slovakia,Windonshore,2035-2040,0.009359526058043688
Slovakia,Windonshore,2040-2045,0.05382084326522328
Slovakia,Windonshore,2045-2050,0.06864617516563926
Slovakia,Windonshore,2050-2055,0.0007984912002868235
Slovakia,Windonshore,2055-2060,0.0016663235375410923
NO1,Windonshore,2020-2025,0.0002690923628958283
NO1,Windonshore,2025-2030,0.0001458150787975487
NO1,Windonshore,2030-2035,0.0021744711639710606
NO1,Windonshore,2035-2040,0.004216356277028222
NO1,Windonshore,2040-2045,0.03775276126153483
NO1,Windonshore,2045-2050,0.039336611445741826
NO1,Windonshore,2050-2055,0.000477300251324456
NO1,Windonshore,2055-2060,0.0004288527919300767
NO2,Windonshore,2020-2025,0.00030841910687054284
NO2,Windonshore,2025-2030,0.00016447040400388048
NO2,Windonshore,2030-2035,0.007532316418718372
NO2,Windonshore,2035-2040,0.014269976038765805
NO2,Windonshore,2040-2045,176.47560663033764
NO2,Windonshore,2045-2050,89.59037475248628
NO2,Windonshore,2050-2055,83.51430751316605
NO2,Windonshore,2055-2060,19.975672434616687
NO3,Windonshore,2020-2025,0.0003108944360392221
NO3,Windonshore,2025-2030,0.00016633422254083022
NO3,Windonshore,2030-2035,0.00255535122063377
NO3,Windonshore,2035-2040,0.004876370636713412
NO3,Windonshore,2040-2045,1.5709225781590548
NO3,Windonshore,2045-2050,0.04476465021790092
NO3,Windonshore,2050-2055,0.13312700235433952
NO3,Windonshore,2055-2060,0.10673181076097261
NO4,Windonshore,2020-2025,0.00032576433363489584
NO4,Windonshore,2025-2030,0.00016667909850256142
NO4,Windonshore,2030-2035,0.0025587312956557875
NO4,Windonshore,2035-2040,0.0026691991657086336
NO4,Windonshore,2040-2045,15.116407245112553
NO4,Windonshore,2045-2050,0.03893760483645994
NO4,Windonshore,2050-2055,26.956828916610643
NO4,Windonshore,2055-2060,0.07557044225768403
NO5,Windonshore,2020-2025,0.0002206144409438365
NO5,Windonshore,2025-2030,0.00016806233712423523
NO5,Windonshore,2030-2035,0.0023677663925486528
NO5,Windonshore,2035-2040,0.006715384002629928
NO5,Windonshore,2040-2045,22.20356045460215
NO5,Windonshore,2045-2050,0.046596726469353096
NO5,Windonshore,2050-2055,0.13699624964096743
NO5,Windonshore,2055-2060,0.10943723875539776
Austria,Solar,2020-2025,0.00012189825067175654
Austria,Solar,2025-2030,0.0005852251286802988
Austria,Solar,2030-2035,0.0018962772684774302
Austria,Solar,2035-2040,0.0025272752345279867
Austria,Solar,2040-2045,662.1471115391753
Austria,Solar,2045-2050,1723.4368216684725
Austria,Solar,2050-2055,10763.493202998492
Austria,Solar,2055-2060,4857.668583910494
BosniaH,Solar,2020-2025,8.78614790654698e-05
BosniaH,Solar,2025-2030,0.0005937740357779139
BosniaH,Solar,2030-2035,0.0009054160516462843
BosniaH,Solar,2035-2040,0.0010527351017382762
BosniaH,Solar,2040-2045,0.005833612063278765
BosniaH,Solar,2045-2050,0.007480376528932503
BosniaH,Solar,2050-2055,1.12364912592045
BosniaH,Solar,2055-2060,0.023880283692712743
Belgium,Solar,2020-2025,0.00011774742256721127
Belgium,Solar,2025-2030,8.244281818856624e-05
Belgium,Solar,2030-2035,0.0012099911881680702
Belgium,Solar,2035-2040,0.001950006159016956
Belgium,Solar,2040-2045,0.008228652787422026
Belgium,Solar,2045-2050,0.010732887215372874
Belgium,Solar,2050-2055,0.01672624033206238
Belgium,Solar,2055-2060,0.022146827535335357
Bulgaria,Solar,2020-2025,0.000231240580632225
Bulgaria,Solar,2025-2030,0.00019753623017182564
Bulgaria,Solar,2030-2035,0.0018953031689462898
Bulgaria,Solar,2035-2040,0.004639201073874573
Bulgaria,Solar,2040-2045,0.018144318641942495
Bulgaria,Solar,2045-2050,0.02662292606025443
Bulgaria,Solar,2050-2055,136.74361459854458
Bulgaria,Solar,2055-2060,0.054248554928596114
Switzerland,Solar,2020-2025,0.00011894465960824734
Switzerland,Solar,2025-2030,61.71169529165057
Switzerland,Solar,2030-2035,0.0019284451126821262
Switzerland,Solar,2035-2040,0.00258557619783775
Switzerland,Solar,2040-2045,154.5458526361016
Switzerland,Solar,2045-2050,1047.4392917055902
Switzerland,Solar,2050-2055,1488.546439855857
Switzerland,Solar,2055-2060,1594.9904079703292
CzechR,Solar,2020-2025,0.00012922804572626647
CzechR,Solar,2025-2030,0.00013014641739460636
CzechR,Solar,2030-2035,0.003239633408594594
CzechR,Solar,2035-2040,0.003751176679238912
CzechR,Solar,2040-2045,0.013228995807509343
CzechR,Solar,2045-2050,0.01663881863385925
CzechR,Solar,2050-2055,0.025523331000143472
CzechR,Solar,2055-2060,0.02667177822113167
Germany,Solar,2020-2025,0.0001314786357089991
Germany,Solar,2025-2030,8.097344988388206e-05
Germany,Solar,2030-2035,0.0010813925837578888
Germany,Solar,2035-2040,0.0015000841872369773
Germany,Solar,2040-2045,11768.867552214633
Germany,Solar,2045-2050,11372.314497326412
Germany,Solar,2050-2055,61897.35403593272
Germany,Solar,2055-2060,51860.04882991493
Denmark,Solar,2020-2025,0.00013519173854117039
Denmark,Solar,2025-2030,7.989190416440086e-05
Denmark,Solar,2030-2035,0.0018819137823155008
Denmark,Solar,2035-2040,0.0024889178380533947
Denmark,Solar,2040-2045,0.009228462253379876
Denmark,Solar,2045-2050,0.014436890789255835
Denmark,Solar,2050-2055,0.0005894446008361072
Denmark,Solar,2055-2060,0.0022741944628302617
Estonia,Solar,2020-2025,9.978740012499807e-05
Estonia,Solar,2025-2030,7.483780461870936e-05
Estonia,Solar,2030-2035,0.0011676966091058616
Estonia,Solar,2035-2040,0.0010798235581747522
Estonia,Solar,2040-2045,0.006115393092506908
Estonia,Solar,2045-2050,0.006880180205626597
Estonia,Solar,2050-2055,0.01311929044307828
Estonia,Solar,2055-2060,0.0011796050497916055
Spain,Solar,2020-2025,0.0002509451136770401
Spain,Solar,2025-2030,0.0019670263541219477
Spain,Solar,2030-2035,0.004086202591014035
Spain,Solar,2035-2040,0.005650955271324612
Spain,Solar,2040-2045,0.01321061667315273
Spain,Solar,2045-2050,0.02356743660356661
Spain,Solar,2050-2055,0.036900501975459486
Spain,Solar,2055-2060,180.46543108893806
Finland,Solar,2020-2025,0.00011147514593511981
Finland,Solar,2025-2030,0.0016498045604174366
Finland,Solar,2030-2035,0.0009862361969994928
Finland,Solar,2035-2040,0.0019149457168372932
Finland,Solar,2040-2045,0.004092423042947163
Finland,Solar,2045-2050,0.006008664380140775
Finland,Solar,2050-2055,0.007373240051754894
Finland,Solar,2055-2060,0.00954635508987048
France,Solar,2020-2025,0.0001438481893837165
France,Solar,2025-2030,0.00010485553664964058
France,Solar,2030-2035,0.0009577317717104168
France,Solar,2035-2040,0.0017562792144703535
France,Solar,2040-2045,0.006084638074656148
France,Solar,2045-2050,0.013660764816623696
France,Solar,2050-2055,0.026655138772041887
France,Solar,2055-2060,0.033767843998843104
GreatBrit.,Solar,2020-2025,0.0001109373042624172
GreatBrit.,Solar,2025-2030,0.0014002602122013402
GreatBrit.,Solar,2030-2035,0.0015685697964682133
GreatBrit.,Solar,2035-2040,0.0033507164485836734
GreatBrit.,Solar,2040-2045,0.008075890326345288
GreatBrit.,Solar,2045-2050,0.01063129849843807
GreatBrit.,Solar,2050-2055,0.017504460988060033
GreatBrit.,Solar,2055-2060,0.02015327566661507
Greece,Solar,2020-2025,0.001172890183036374
Greece,Solar,2025-2030,0.0013579787053844008
Greece,Solar,2030-2035,0.009396938862502044
Greece,Solar,2035-2040,0.008162339093268666
Greece,Solar,2040-2045,0.027174334173473168
Greece,Solar,2045-2050,0.027778654364003043
Greece,Solar,2050-2055,142.61959574664016
Greece,Solar,2055-2060,0.04825319689161924
Croatia,Solar,2020-2025,0.00010367432817935741
Croatia,Solar,2025-2030,0.000772514567538074
Croatia,Solar,2030-2035,0.0011350062600603346
Croatia,Solar,2035-2040,0.0009151944520057881
Croatia,Solar,2040-2045,0.0048599790768828425
Croatia,Solar,2045-2050,0.007129844832248729
Croatia,Solar,2050-2055,0.015439856609188837
Croatia,Solar,2055-2060,0.02184086821960728
Hungary,Solar,2020-2025,0.00010935510711865753
Hungary,Solar,2025-2030,0.00150190550378414
Hungary,Solar,2030-2035,0.003063333358026965
Hungary,Solar,2035-2040,0.00276797470763866
Hungary,Solar,2040-2045,0.00689134739613602
Hungary,Solar,2045-2050,0.012807903117257694
Hungary,Solar,2050-2055,0.0213741382017292
Hungary,Solar,2055-2060,0.02882872102896335
Ireland,Solar,2020-2025,9.122784770381989e-05
Ireland,Solar,2025-2030,0.0012690593646996322
Ireland,Solar,2030-2035,0.0022435973893665424
Ireland,Solar,2035-2040,0.011939510776582613
Ireland,Solar,2040-2045,0.02102628623216531
Ireland,Solar,2045-2050,0.024097856725733134
Ireland,Solar,2050-2055,0.040329537724452136
Ireland,Solar,2055-2060,0.0383484995576956
Italy,Solar,2020-2025,9.183195196858809e-05
Italy,Solar,2025-2030,921.9081263394876
Italy,Solar,2030-2035,103.92512803382284
Italy,Solar,2035-2040,0.001262783870370376
Italy,Solar,2040-2045,29.75170906463259
Italy,Solar,2045-2050,842.0058188447639
Italy,Solar,2050-2055,2463.6645832986087
Italy,Solar,2055-2060,3334.27582122573
Lithuania,Solar,2020-2025,0.00010692755043745263
Lithuania,Solar,2025-2030,0.0005534240294938583
Lithuania,Solar,2030-2035,0.003589983553172739
Lithuania,Solar,2035-2040,0.0026963494497325917
Lithuania,Solar,2040-2045,0.008236289179541872
Lithuania,Solar,2045-2050,0.00999503903723718
Lithuania,Solar,2050-2055,0.0195277953460034
Lithuania,Solar,2055-2060,0.019964516445290476
Luxemb.,Solar,2020-2025,0.00012494104005127856
Luxemb.,Solar,2025-2030,7.996905799440097e-05
Luxemb.,Solar,2030-2035,0.0013085378689229677
Luxemb.,Solar,2035-2040,0.0023930293770123403
Luxemb.,Solar,2040-2045,46.312806711657224
Luxemb.,Solar,2045-2050,45.23446572097581
Luxemb.,Solar,2050-2055,0.001479534801539395
Luxemb.,Solar,2055-2060,0.0015663298335101075
Latvia,Solar,2020-2025,0.00010447736083350026
Latvia,Solar,2025-2030,7.507526534249915e-05
Latvia,Solar,2030-2035,0.0018734338968393184
Latvia,Solar,2035-2040,0.0010620085828520595
Latvia,Solar,2040-2045,0.005749418210272246
Latvia,Solar,2045-2050,0.005560892737383869
Latvia,Solar,2050-2055,0.012314816752225226
Latvia,Solar,2055-2060,0.018351255215078265
Macedonia,Solar,2020-2025,0.0001346205970633545
Macedonia,Solar,2025-2030,0.00012853982806739015
Macedonia,Solar,2030-2035,0.0014694087649852075
Macedonia,Solar,2035-2040,0.0024962706124998435
Macedonia,Solar,2040-2045,0.013015194988647432
Macedonia,Solar,2045-2050,0.013288653452557614
Macedonia,Solar,2050-2055,54.48147508362537
Macedonia,Solar,2055-2060,0.03201430826415012
Netherlands,Solar,2020-2025,0.0001181425283892719
Netherlands,Solar,2025-2030,7.70581814925769e-05
Netherlands,Solar,2030-2035,0.0018585675266133458
Netherlands,Solar,2035-2040,0.0022998153504233806
Netherlands,Solar,2040-2045,0.00895315761680174
Netherlands,Solar,2045-2050,0.012543480796435467
Netherlands,Solar,2050-2055,0.01696022712562912
Netherlands,Solar,2055-2060,0.02317833660729912
Poland,Solar,2020-2025,0.00012294856817341096
Poland,Solar,2025-2030,0.00045495961882698836
Poland,Solar,2030-2035,0.003183513619817149
Poland,Solar,2035-2040,0.003146576705162427
Poland,Solar,2040-2045,0.008189336251758198
Poland,Solar,2045-2050,0.007052880282920552
Poland,Solar,2050-2055,0.014411305780027087
Poland,Solar,2055-2060,0.023808787152546338
Portugal,Solar,2020-2025,0.00024943529280777423
Portugal,Solar,2025-2030,0.002948169846748869
Portugal,Solar,2030-2035,0.009009627985318548
Portugal,Solar,2035-2040,0.010321836017754908
Portugal,Solar,2040-2045,0.024669511817033536
Portugal,Solar,2045-2050,0.0467069291190217
Portugal,Solar,2050-2055,79.2106969084453
Portugal,Solar,2055-2060,202.1148189983965
Romania,Solar,2020-2025,0.00011132003317788977
Romania,Solar,2025-2030,0.0004165619028567992
Romania,Solar,2030-2035,0.003012204985660673
Romania,Solar,2035-2040,0.004646117355556397
Romania,Solar,2040-2045,0.0149110992364518
Romania,Solar,2045-2050,0.024800897294017035
Romania,Solar,2050-2055,1.5943942467702836
Romania,Solar,2055-2060,0.05199616898845652
Serbia,Solar,2020-2025,0.00011663506767684893
Serbia,Solar,2025-2030,0.0001152339978736861
Serbia,Solar,2030-2035,0.0009458933258375984
Serbia,Solar,2035-2040,0.0010532355761197218
Serbia,Solar,2040-2045,0.006899755349414033
Serbia,Solar,2045-2050,0.00869689920171761
Serbia,Solar,2050-2055,1.3900613723650952
Serbia,Solar,2055-2060,0.03466826420589156
Sweden,Solar,2020-2025,0.00017244913082467764
Sweden,Solar,2025-2030,8.168801079203637e-05
Sweden,Solar,2030-2035,0.0011317772440096335
Sweden,Solar,2035-2040,0.001339317019921186
Sweden,Solar,2040-2045,0.004695303952054471
Sweden,Solar,2045-2050,0.006353779935719223
Sweden,Solar,2050-2055,0.0002724301391157346
Sweden,Solar,2055-2060,0.0006353690289368487
Slovenia,Solar,2020-2025,0.00010599440815259653
Slovenia,Solar,2025-2030,0.0007802679667162918
Slovenia,Solar,2030-2035,0.001141776252895241
Slovenia,Solar,2035-2040,0.0008319659320084586
Slovenia,Solar,2040-2045,0.003965146618425753
Slovenia,Solar,2045-2050,0.005831153904962971
Slovenia,Solar,2050-2055,0.0014336871396083961
Slovenia,Solar,2055-2060,0.0021097073622278733
Slovakia,Solar,2020-2025,0.00012544934590997972
Slovakia,Solar,2025-2030,0.0001300484455649494
Slovakia,Solar,2030-2035,0.0012030886738733388
Slovakia,Solar,2035-2040,0.0008774551373798294
Slovakia,Solar,2040-2045,0.004530848416672993
Slovakia,Solar,2045-2050,0.005627055202983985
Slovakia,Solar,2050-2055,0.010701623437929688
Slovakia,Solar,2055-2060,0.012072676884865387
NO1,Solar,2020-2025,0.00016127760583426693
NO1,Solar,2025-2030,7.834554006682001e-05
NO1,Solar,2030-2035,0.0008953112936855321
NO1,Solar,2035-2040,0.0018435669412879005
NO1,Solar,2040-2045,0.004427445099776011
NO1,Solar,2045-2050,0.012042032366040435
NO1,Solar,2050-2055,0.0003454878405091148
NO1,Solar,2055-2060,0.0007018680823868324
NO2,Solar,2020-2025,0.00016040789500272482
NO2,Solar,2025-2030,7.925583791476637e-05
NO2,Solar,2030-2035,0.0016489163091409262
NO2,Solar,2035-2040,0.0030435598256151625
NO2,Solar,2040-2045,0.008694173783419516
NO2,Solar,2045-2050,0.013366035289870916
NO2,Solar,2050-2055,0.0003701680779714149
NO2,Solar,2055-2060,0.0015441715521428393
NO3,Solar,2020-2025,0.0001641084419101853
NO3,Solar,2025-2030,7.854828602526143e-05
NO3,Solar,2030-2035,0.0010192480596396883
NO3,Solar,2035-2040,0.0018324481828387049
NO3,Solar,2040-2045,0.004862853354787538
NO3,Solar,2045-2050,0.01222497842006715
NO3,Solar,2050-2055,0.0003067214009593894
NO3,Solar,2055-2060,0.0005466305528603931
NO4,Solar,2020-2025,0.00017578301962370993
NO4,Solar,2025-2030,8.04057486082857e-05
NO4,Solar,2030-2035,0.0010086425657231488
NO4,Solar,2035-2040,0.001213974744751034
NO4,Solar,2040-2045,0.003970703142207535
NO4,Solar,2045-2050,0.010497263754930292
NO4,Solar,2050-2055,0.00023249665362477342
NO4,Solar,2055-2060,0.000393445159453304
NO5,Solar,2020-2025,0.00016043250739121955
NO5,Solar,2025-2030,8.082873240099122e-05
NO5,Solar,2030-2035,0.0008660627075306835
NO5,Solar,2035-2040,0.0021175846245644354
NO5,Solar,2040-2045,0.004517108629795671
NO5,Solar,2045-2050,0.011594087374368648
NO5,Solar,2050-2055,0.00030972386030260804
NO5,Solar,2055-2060,0.0007374090597416896
