Between node,And node,Period,Pipeline capacity built [kg],Pipeline total capacity [kg],Discounted cost of (newly) built pipeline [EUR],Expected hydrogen transmission [tons]
Switzerland,Austria,2020-2025,0.08453073680425682,0.08453073680425682,598.655440331386,0.2248454154729162
Switzerland,Austria,2025-2030,0.003677085143077664,0.08820775117823712,20.40419520862313,0.20575427147394124
Switzerland,Austria,2030-2035,0.024622540392398057,0.11283022080151331,102.15695194555228,0.2579956985409074
Switzerland,Austria,2035-2040,0.026603919558987756,0.13943406959141075,81.19277357666179,0.2905936579142478
Switzerland,Austria,2040-2045,0.04983586477232723,0.1892698635946148,109.25886773298765,0.45500358695049525
Switzerland,Austria,2045-2050,0.0477929240096942,0.23706271683520766,72.59292928085516,0.5579573578745447
Switzerland,Austria,2050-2055,0.029150437742008897,0.2662130838081429,28.89463904997224,0.725032261074591
Switzerland,Austria,2055-2060,0.00021324521648699888,0.26642625825550564,0.1232074130060568,0.6380230349155332
CzechR,Austria,2020-2025,0.23202659876718956,0.23202659876718956,602.1202078716643,0.6291184097474996
CzechR,Austria,2025-2030,0.007273870573448842,0.23930032780243005,14.789874981719265,0.5492602219564936
CzechR,Austria,2030-2035,0.06754576066832035,0.3068459469325772,102.68720064066379,0.6967304737588136
CzechR,Austria,2035-2040,0.0811916673252979,0.3880374727196224,90.79592581274086,0.865029319654837
CzechR,Austria,2040-2045,0.12323366057316627,0.5112709917545628,98.99817666824308,1.2081946823740843
CzechR,Austria,2045-2050,0.12882205431614446,0.6400929045325364,71.69751280107701,1.477731837333664
CzechR,Austria,2050-2055,0.07985398488258866,0.7199467478769495,29.003601943929972,1.917613557043142
CzechR,Austria,2055-2060,0.0005945016579013173,0.7205411079966272,0.1258617485577145,1.7295282221605086
Germany,Austria,2020-2025,0.004737302856120784,0.004737302856120784,0.0,0.007561975103626833
Germany,Austria,2025-2030,0.03014961636142066,0.034886919217541446,0.0,1.5489025046611185e-05
Germany,Austria,2030-2035,94970.77467015256,94970.80955707179,0.0,315320.69194443536
Germany,Austria,2035-2040,61454.12626199877,156424.93581907055,0.0,354358.97666080977
Germany,Austria,2040-2045,114074.54847498937,270499.4842940599,0.0,1164571.0871051538
Germany,Austria,2045-2050,3195.4642720968113,273694.94856615673,0.0,1248658.13993244
Germany,Austria,2050-2055,303386.2048581207,577081.1534242774,0.0,1686494.0549742086
Germany,Austria,2055-2060,5.820766091346741e-11,577081.1534242774,0.0,1686495.2318317872
Hungary,Austria,2020-2025,0.269292509527743,0.269292509527743,593.0285261689141,0.700940388650998
Hungary,Austria,2025-2030,0.012680977714682637,0.28197334570422916,21.88051576847273,0.6544051544739079
Hungary,Austria,2030-2035,0.08193474195806547,0.36390794612413613,105.70418695312284,0.8396471666937126
Hungary,Austria,2035-2040,0.0865693238814177,0.4504771284672556,82.1532613501982,0.96221875071966
Hungary,Austria,2040-2045,0.1530893040817578,0.603566291010873,104.36348609800156,1.4312528187644482
Hungary,Austria,2045-2050,0.15108279094555127,0.7546489404182202,71.35669890122152,1.7488734664214873
Hungary,Austria,2050-2055,0.09873674294088436,0.8533855418208725,30.43266754849658,2.3106850387638236
Hungary,Austria,2055-2060,0.0006932703935377339,0.8540786706761692,0.12455157584727583,2.072923524473098
Italy,Austria,2020-2025,0.07433491613686095,0.07433491613686095,587.93051071168,0.1889339499781112
Italy,Austria,2025-2030,0.00431701426949553,0.07865185963725753,26.75285474553005,0.18181728894496346
Italy,Austria,2030-2035,0.022340095533573547,0.10099188440171482,103.51206140287448,0.23079728931887653
Italy,Austria,2035-2040,0.024264474955755407,0.1252562885883888,82.70152411755852,0.26432945756541226
Italy,Austria,2040-2045,0.043271574981432984,0.16852779280072083,105.94690230367519,0.3996127880616842
Italy,Austria,2045-2050,0.04271362668626392,0.21124134871785985,72.45494497231515,0.49222120451736767
Italy,Austria,2050-2055,0.02762127252068214,0.2388625504694537,30.57642732613369,0.6525766269624381
Italy,Austria,2055-2060,0.00019179725851763374,0.2390542769588683,0.12375729257614551,0.5806860891700738
Slovenia,Austria,2020-2025,0.20666672884931672,0.20666672884931672,594.0008534141243,0.53893261837451
Slovenia,Austria,2025-2030,0.011754040858338062,0.2184206989385453,26.470198871212542,0.6254040559242413
Slovenia,Austria,2030-2035,0.8520481560997671,1.070468784269171,1434.6746784381273,0.3521885017537028
Slovenia,Austria,2035-2040,0.06608986259923774,1.1365585760993302,81.85794255019317,0.37577601188560994
Slovenia,Austria,2040-2045,0.4480775876860876,1.5846360930163463,398.67788238942035,0.518664079708758
Slovenia,Austria,2045-2050,0.5552205288670797,2.1398565511142977,342.2555186158322,0.6606478492167346
Slovenia,Austria,2050-2055,0.05174058356049921,2.191597063905719,20.81410494374014,1.1644524709640596
Slovenia,Austria,2055-2060,0.00039564352800743264,2.191992636664591,0.09277176756027151,0.8279934925056521
Slovakia,Austria,2020-2025,1.0466035975512822,1.0466035975512822,595.1365462274407,2.7683121807075826
Slovakia,Austria,2025-2030,0.03516826018611124,1.081771716199162,15.668909981444378,2.447879609495622
Slovakia,Austria,2030-2035,9493.83916687468,9494.920938449282,3162634.8773883204,1.7658801000233
Slovakia,Austria,2035-2040,3890.776667499452,13385.697605807145,953411.0303392129,1.965835975024646
Slovakia,Austria,2040-2045,31841.70264196927,45227.40024763419,5605096.540296336,2.4741936797740127
Slovakia,Austria,2045-2050,2685.1139475032696,47912.514194996074,327465.50476110366,3.028390938924659
Slovakia,Austria,2050-2055,35905.93282476312,83818.44701961656,2857659.7964804494,4.667470639472464
Slovakia,Austria,2055-2060,0.002164162474686938,83818.44918363923,0.10039671925638904,3.9895288244012974
Croatia,BosniaH,2020-2025,0.19614938472611196,0.19614938472611196,592.163328937157,0.5059380109957463
Croatia,BosniaH,2025-2030,0.025398551088853222,0.22154786504585708,60.078212932382584,0.3306986758988499
Croatia,BosniaH,2030-2035,0.2240216474559649,0.44556944173273433,396.2026121641118,0.31078951498989055
Croatia,BosniaH,2035-2040,0.00021351025432470955,0.4457828812179341,0.27776835646453196,0.8088196055658949
Croatia,BosniaH,2040-2045,0.6056684008904817,1.0514512113393248,566.0331842737418,0.787014276853269
Croatia,BosniaH,2045-2050,0.00027787011344488347,1.0517290106836503,0.17991394975806554,0.7392072278505761
Croatia,BosniaH,2050-2055,0.00014536829754445278,1.0518743082121333,0.06142344591355786,1.4248082969765414
Croatia,BosniaH,2055-2060,0.00017943834261142355,1.0520536757856287,0.04419417896903662,1.5737432377996086
Italy,BosniaH,2020-2025,0.33372050542070897,0.33372050542070897,586.5479504670085,0.8410925135627328
Italy,BosniaH,2025-2030,1.7273126615101015,2.0610330253925646,2378.7296728061515,0.39815527840002896
Italy,BosniaH,2030-2035,0.009718442489304112,2.0707513263437005,10.00668172495634,1.2247460259048217
Italy,BosniaH,2035-2040,0.0004775483338671529,2.0712287331393835,0.36169910604452493,12.817255780169548
Italy,BosniaH,2040-2045,0.2848395478705777,2.356068139471821,154.97917134549957,4.912778835436909
Italy,BosniaH,2045-2050,0.0003100531800317682,2.3563780511135803,0.1168759784147264,2.371892106680042
Italy,BosniaH,2050-2055,0.00023504894143039706,2.3566129585169366,0.05782143189617325,7.701766397683165
Italy,BosniaH,2055-2060,0.0003066580450241042,2.356919475023619,0.04397139596745088,10.496109074828343
Serbia,BosniaH,2020-2025,0.29696487550111045,0.29696487550111045,592.5624145939286,0.7677543638948713
Serbia,BosniaH,2025-2030,1.8116255677361082,2.1085903016990333,2832.3763703712107,17.431590328456526
Serbia,BosniaH,2030-2035,0.28666548599920755,2.3952556461599555,335.1021491807053,11.310327888158815
Serbia,BosniaH,2035-2040,0.00013402939908558234,2.395389534020762,0.11524936980158194,0.8172466705638775
Serbia,BosniaH,2040-2045,0.8713598846756748,3.2667492771581617,538.2437511780848,9.199609571591237
Serbia,BosniaH,2045-2050,9.527091950428993e-05,3.266844406539235,0.04077160555576442,13.49776726287875
Serbia,BosniaH,2050-2055,0.00010345488462629751,3.2669477198854153,0.02889281994192279,5.7778144638111755
Serbia,BosniaH,2055-2060,0.0001675946713895878,3.267115173019085,0.027282520153976007,4.1279350062977676
Germany,Belgium,2020-2025,0.005589964420488147,0.005589964420488147,0.0,0.00228417409926967
Germany,Belgium,2025-2030,1028.6734040529227,1028.6789940173433,0.0,6509.377370422049
Germany,Belgium,2030-2035,787404.948368106,788433.6273621233,0.0,116127.80791193829
Germany,Belgium,2035-2040,518958.00301970553,1307391.6303818289,0.0,194274.83980872482
Germany,Belgium,2040-2045,1292926.8348536969,2600318.4652355257,0.0,511387.94780343404
Germany,Belgium,2045-2050,69931.77887701616,2670250.244112542,0.0,702266.7257227347
Germany,Belgium,2050-2055,683695.3590559214,3353945.6031684633,0.0,592584.5697661141
Germany,Belgium,2055-2060,0.0,3353945.6031684633,0.0,637181.8538618693
France,Belgium,2020-2025,0.005446294422356793,0.005446294422356793,0.0,0.00022108462477374383
France,Belgium,2025-2030,1028.6813465208281,1028.6867928152506,0.0,0.0
France,Belgium,2030-2035,848090.6844763411,849119.3712691563,0.0,1648231.3692748505
France,Belgium,2035-2040,581024.7713421517,1430144.142611308,0.0,961759.6792504977
France,Belgium,2040-2045,1168889.019207391,2599033.161818699,0.0,1897858.2236843405
France,Belgium,2045-2050,268757.2228192808,2867790.38463798,0.0,1576342.7665648675
France,Belgium,2050-2055,689223.5684956424,3557013.953133622,0.0,4811689.222562254
France,Belgium,2055-2060,0.0,3557013.953133622,0.0,4528682.658206044
GreatBrit.,Belgium,2020-2025,0.004098169090509446,0.004098169090509446,0.0,0.002464535631916373
GreatBrit.,Belgium,2025-2030,685.7801721764421,685.7842703455326,0.0,0.0
GreatBrit.,Belgium,2030-2035,555274.294020881,555960.0782912265,0.0,608226.2357353136
GreatBrit.,Belgium,2035-2040,688241.7359404768,1244201.8142317033,0.0,1370343.0975204788
GreatBrit.,Belgium,2040-2045,1310214.6765240172,2554416.4907557205,0.0,3478143.0259148506
GreatBrit.,Belgium,2045-2050,102435.81311727641,2656852.303872997,0.0,3460796.1111721396
GreatBrit.,Belgium,2050-2055,0.0,2656852.303872997,0.0,4057860.0484180884
GreatBrit.,Belgium,2055-2060,2.3283064365386963e-10,2656852.303872997,0.0,3535601.259910172
Luxemb.,Belgium,2020-2025,0.0007808090511983029,0.0007808090511983029,0.0,0.0032259349113504493
Luxemb.,Belgium,2025-2030,0.0011755200638105118,0.0019563291150088147,0.0,0.007279810453892519
Luxemb.,Belgium,2030-2035,12720.227400680893,12720.229357010008,0.0,0.0
Luxemb.,Belgium,2035-2040,4831.204856738168,17551.434213748176,0.0,0.0
Luxemb.,Belgium,2040-2045,22826.745043300023,40378.1792570482,0.0,3.1408017285738487e-06
Luxemb.,Belgium,2045-2050,20240.02167272911,60618.20092977731,0.0,2.6786575713080623e-06
Luxemb.,Belgium,2050-2055,31238.734529801943,91856.93545957925,0.0,0.0
Luxemb.,Belgium,2055-2060,2787.9554323210177,94644.89089190027,0.0,0.0
Netherlands,Belgium,2020-2025,0.005240658246737813,0.005240658246737813,0.0,0.0031661274835147577
Netherlands,Belgium,2025-2030,0.013765236266388488,0.0190058945131263,0.0,0.007606082395408707
Netherlands,Belgium,2030-2035,322952.6436016145,322952.662607509,0.0,31474.502160663415
Netherlands,Belgium,2035-2040,128553.6673619122,451506.3299694212,0.0,44995.99589323683
Netherlands,Belgium,2040-2045,369670.91330807173,821177.2432774929,0.0,35560.89061713107
Netherlands,Belgium,2045-2050,178730.983559774,999908.2268372669,0.0,88004.91519831635
Netherlands,Belgium,2050-2055,9956.392321000574,1009864.6191582675,0.0,54559.5913768082
Netherlands,Belgium,2055-2060,4726.0022821312305,1014590.6214403987,0.0,70161.90479811012
NO2,Belgium,2020-2025,0.004430072391176328,0.004430072391176328,0.0,0.010888908362635001
NO2,Belgium,2025-2030,0.01724883286131448,0.021678905252490808,0.0,0.037888726370549144
NO2,Belgium,2030-2035,378707.073333664,378707.0950125692,0.0,1471395.06183754
NO2,Belgium,2035-2040,211425.0015137836,590132.0965263528,0.0,1625491.241727756
NO2,Belgium,2040-2045,654475.2801689779,1244607.3766953307,0.0,2813207.526298327
NO2,Belgium,2045-2050,136375.86887935875,1380983.2455746895,0.0,3130175.5034968657
NO2,Belgium,2050-2055,0.0,1380983.2455746895,0.0,3086048.1012819656
NO2,Belgium,2055-2060,62930.177887744736,1443913.4234624342,0.0,3764112.506694085
Greece,Bulgaria,2020-2025,0.11404404955409159,0.11404404955409159,619.0185179133202,0.32491955627709734
Greece,Bulgaria,2025-2030,1711.2790102431904,1711.393054223101,7277887.518169905,0.1543283003107093
Greece,Bulgaria,2030-2035,606.8975734235256,2318.2906290996866,1929830.6549817815,0.2381485517188474
Greece,Bulgaria,2035-2040,5.0481184132719644e-05,2318.290677985604,0.11807827958336045,11971.664506436782
Greece,Bulgaria,2040-2045,0.02014043831736154,2318.3108181692996,33.841713668886804,4751.957520787141
Greece,Bulgaria,2045-2050,3.6968377503961666e-05,2318.310855037705,0.043035796171128446,1986.0958738086588
Greece,Bulgaria,2050-2055,5.969822772041377e-05,2318.3109147226696,0.04535261811514519,7235.296720404182
Greece,Bulgaria,2055-2060,0.00010846193261616896,2318.3110232699523,0.048029007410690286,15813.765661706047
Macedonia,Bulgaria,2020-2025,0.3497077558162306,0.3497077558162306,625.4938945490653,1.02419854225543
Macedonia,Bulgaria,2025-2030,0.17610592811134043,0.5258135423893756,246.8000770063448,0.5454367268381094
Macedonia,Bulgaria,2030-2035,0.5303520357496371,1.0561654366008153,555.7184807013783,0.737709176513105
Macedonia,Bulgaria,2035-2040,0.0003958208473631641,1.0565611159099593,0.3050885769111862,4.439546613938468
Macedonia,Bulgaria,2040-2045,0.8529519809710596,1.9095129553428478,472.27484117073755,3.8515360917487986
Macedonia,Bulgaria,2045-2050,0.00022924419349008087,1.9097420579981328,0.08793962221090755,2.6400499908754975
Macedonia,Bulgaria,2050-2055,0.0003750453906877131,1.9101169618506353,0.09388831758066672,7.048803496820689
Macedonia,Bulgaria,2055-2060,0.0005236229497327242,1.91064044326214,0.07640675321414685,8.749517241369313
Romania,Bulgaria,2020-2025,0.2042498654998152,0.2042498654998152,622.953317197351,0.593470174217275
Romania,Bulgaria,2025-2030,0.08815544305056684,0.2924051670121649,210.6669271956761,0.3290770702916019
Romania,Bulgaria,2030-2035,11107.735266104763,11108.027671130838,19846870.3592454,61770.407336093485
Romania,Bulgaria,2035-2040,5993.198473434808,17101.226144423985,7877018.329004248,79734.28677004014
Romania,Bulgaria,2040-2045,28817.885715127424,45919.11185941243,27208729.059348274,217499.70425065854
Romania,Bulgaria,2045-2050,0.0034866110224882384,45919.115345878876,2.28068687321399,201125.69447100017
Romania,Bulgaria,2050-2055,10352.018185757832,56271.133531493666,4419047.437214204,398527.3610780819
Romania,Bulgaria,2055-2060,11563.6371266604,67834.77065801529,2877288.700584245,425576.2743648855
Serbia,Bulgaria,2020-2025,0.1839428946190599,0.1839428946190599,623.7758659307992,0.5391474309326095
Serbia,Bulgaria,2025-2030,2.1548057873336153,2.3387486111835054,5725.417870659511,0.2461787994301211
Serbia,Bulgaria,2030-2035,0.009420060226469249,2.348168600640926,18.714232447492925,0.5347065667721344
Serbia,Bulgaria,2035-2040,0.00018116926627490906,2.348349699138158,0.2647521825460592,15.376742493625002
Serbia,Bulgaria,2040-2045,0.34114002432067536,2.68948965268972,358.12170635419335,4.074321090013625
Serbia,Bulgaria,2045-2050,8.251641322336932e-05,2.6895720983338873,0.06001424320676363,1.3834508863671229
Serbia,Bulgaria,2050-2055,9.216680225864253e-05,2.689664194367083,0.04374515754201612,8.048231654906015
Serbia,Bulgaria,2055-2060,0.00018150507493371542,2.6898456286727694,0.0502145512210179,12.113639782431322
Germany,Switzerland,2020-2025,0.0007508517102421675,0.0007508517102421675,0.0,0.0
Germany,Switzerland,2025-2030,0.0018205834416648026,0.00257143515190697,0.0,0.0
Germany,Switzerland,2030-2035,0.004440512647012257,0.007011947798919227,0.0,0.0
Germany,Switzerland,2035-2040,0.0007179558768180272,0.007729903675737254,0.0,0.0
Germany,Switzerland,2040-2045,0.04509822346579938,0.05282812714153663,0.0,0.0
Germany,Switzerland,2045-2050,0.0,0.05282812714153663,0.0,0.0
Germany,Switzerland,2050-2055,0.0,0.05282812714153663,0.0,0.0
Germany,Switzerland,2055-2060,0.0,0.05282812714153663,0.0,0.0
France,Switzerland,2020-2025,0.1347155177739473,0.1347155177739473,607.261602756005,0.37062954121067243
France,Switzerland,2025-2030,0.005121633831379882,0.13983701006712781,18.08923609485383,0.3328076310922155
France,Switzerland,2030-2035,0.03966165571692489,0.17949852424584875,104.73740896363695,0.4256670042019189
France,Switzerland,2035-2040,0.045912586384538656,0.22541096909221625,89.18656296264245,0.5150043099237236
France,Switzerland,2040-2045,0.08178917210775673,0.30719999966177336,114.13173694974697,0.8099261420785651
France,Switzerland,2045-2050,0.07010080308763271,0.3773006612111697,67.77189522950557,0.9276441560521513
France,Switzerland,2050-2055,0.04845112348135286,0.4257516431543317,30.568347554867564,1.2198825632134636
France,Switzerland,2055-2060,0.0003374510474744307,0.4260889526635503,0.12409784481135579,1.069345917239165
Italy,Switzerland,2020-2025,0.08290178696145717,0.08290178696145717,587.976156791342,0.21048603971438615
Italy,Switzerland,2025-2030,0.00542191083152058,0.08832362702385038,30.13017810310292,0.206718216845645
Italy,Switzerland,2030-2035,0.02518922942900106,0.11351278568374173,104.66066603007384,0.2632036114491369
Italy,Switzerland,2035-2040,0.027831186334409,0.14134390124908325,85.06227906332393,0.3065271696185514
Italy,Switzerland,2040-2045,0.050567728414247254,0.1919115588942165,111.02523111212136,0.4783016275727281
Italy,Switzerland,2045-2050,0.04680214108896392,0.238713629214083,71.19180191160142,0.5739203538055592
Italy,Switzerland,2050-2055,0.03078855070419551,0.2695021091491984,30.5629297442859,0.7582399329909606
Italy,Switzerland,2055-2060,0.00021237510838132477,0.2697144134884393,0.12288381862149937,0.6693765171670967
Germany,CzechR,2020-2025,0.0008190535066785742,0.0008190535066785742,0.0,0.0
Germany,CzechR,2025-2030,0.0013017248271061724,0.0021207783337847466,0.0,1.5492137624959742e-07
Germany,CzechR,2030-2035,67534.33709702133,67534.33921779966,0.0,118318.55374206668
Germany,CzechR,2035-2040,43690.69253331928,111225.03175111894,0.0,69873.50205264588
Germany,CzechR,2040-2045,88372.12666619716,199597.1584173161,0.0,214454.67651167035
Germany,CzechR,2045-2050,3510.9475979256677,203108.10601524176,0.0,250191.81494904353
Germany,CzechR,2050-2055,124408.67639873864,327516.7824139804,0.0,322892.5924861312
Germany,CzechR,2055-2060,0.0,327516.7824139804,0.0,295959.4175146851
Poland,CzechR,2020-2025,0.11369707455493236,0.11369707455493236,607.731211316255,0.31622015930401864
Poland,CzechR,2025-2030,0.0025886066520163452,0.1162856104378582,10.84131137837769,0.2661400234720442
Poland,CzechR,2030-2035,0.03357252974422826,0.1498580694129666,105.12817051927561,0.346693667318102
Poland,CzechR,2035-2040,0.05127800753260626,0.20113600617650607,118.11440450838026,0.5108272326654848
Poland,CzechR,2040-2045,0.05363802149928567,0.25477395690667093,88.75389440935668,0.6322179677372994
Poland,CzechR,2045-2050,0.0591715018639915,0.31394538800155025,67.8333528406824,0.7387743703858236
Poland,CzechR,2050-2055,0.039371302540395725,0.35331661977287443,29.4545198467963,0.9311130655418173
Poland,CzechR,2055-2060,0.00031361203825113626,0.3536301610419824,0.13675721171730057,0.9007059714740872
Slovakia,CzechR,2020-2025,0.2034167620920829,0.2034167620920829,605.690737710828,0.5617045576631715
Slovakia,CzechR,2025-2030,0.004547548959609286,0.20796416951346947,10.609504062256239,0.47514219991164963
Slovakia,CzechR,2030-2035,0.06577631243721387,0.27374034041247586,114.73779684442475,0.5008270336169783
Slovakia,CzechR,2035-2040,0.0913399397335837,0.3650801386078462,117.2018287745005,0.6559031437266222
Slovakia,CzechR,2040-2045,0.1059158723475686,0.47099586941722793,97.62873466679754,0.8771488948006188
Slovakia,CzechR,2045-2050,0.10866579507820026,0.5796615229572157,69.39457141587827,1.0362746478616127
Slovakia,CzechR,2050-2055,0.08434739593297641,0.664008777351976,35.151655896327476,1.3697741451486036
Slovakia,CzechR,2055-2060,0.0005011912984496467,0.6645098271122184,0.1217483206531034,1.2781734374659648
Denmark,Germany,2020-2025,0.0054965914450912645,0.0054965914450912645,0.0,0.007329276700726382
Denmark,Germany,2025-2030,685.7742758863554,685.7797724778005,0.0,0.6204980077798925
Denmark,Germany,2030-2035,579664.3875201487,580350.1672926265,0.0,490650.79006592446
Denmark,Germany,2035-2040,711053.8884615191,1291404.0557541456,0.0,1004674.6564148846
Denmark,Germany,2040-2045,1538560.3296429282,2829964.385397074,0.0,2812867.1934126485
Denmark,Germany,2045-2050,119783.33884712402,2949747.724244198,0.0,2872359.273120428
Denmark,Germany,2050-2055,0.0,2949747.724244198,0.0,2972462.028944213
Denmark,Germany,2055-2060,0.0,2949747.724244198,0.0,2678217.095357043
France,Germany,2020-2025,0.005901210606957294,0.005901210606957294,0.0,8.127182964104639e-05
France,Germany,2025-2030,1028.6773493240541,1028.683250534661,0.0,0.0
France,Germany,2030-2035,858713.859040256,859742.5422907907,0.0,485234.5256711141
France,Germany,2035-2040,51884.192594947526,911626.7348857382,0.0,294142.75473398063
France,Germany,2040-2045,1320598.1831166614,2232224.9180023996,0.0,609445.3110735213
France,Germany,2045-2050,0.0,2232224.9180023996,0.0,522855.40770808305
France,Germany,2050-2055,1357185.8373006461,3589410.7553030457,0.0,1553837.9414206743
France,Germany,2055-2060,0.0,3589410.7553030457,0.0,1539625.431131171
Italy,Germany,2020-2025,0.007459059944851083,0.007459059944851083,0.0,0.0
Italy,Germany,2025-2030,1370.9657873301992,1370.9732463901441,0.0,12008.254045640742
Italy,Germany,2030-2035,174824.87455647634,176195.84780286648,0.0,0.0
Italy,Germany,2035-2040,139052.2738826864,315248.1216855529,0.0,58.48623455273931
Italy,Germany,2040-2045,393992.9478710516,709241.0695566045,0.0,254675.30101287542
Italy,Germany,2045-2050,0.0,709241.0695566045,0.0,655543.1273845517
Italy,Germany,2050-2055,165852.70982502203,875093.7793816265,0.0,628163.129065584
Italy,Germany,2055-2060,0.0,875093.7793816265,0.0,643645.6339677635
Luxemb.,Germany,2020-2025,0.0007808061128906363,0.0007808061128906363,0.0,0.0011362175041033143
Luxemb.,Germany,2025-2030,0.0011743189812154914,0.0019551250941061277,0.0,0.0023292790627891715
Luxemb.,Germany,2030-2035,12710.442361169564,12710.444316294657,0.0,0.0
Luxemb.,Germany,2035-2040,4749.958735202688,17460.403051497346,0.0,0.0
Luxemb.,Germany,2040-2045,19041.134711900235,36501.53776339758,0.0,0.0
Luxemb.,Germany,2045-2050,24481.6634130537,60983.20117645128,0.0,0.0
Luxemb.,Germany,2050-2055,31613.908776103774,92597.10995255505,0.0,0.0
Luxemb.,Germany,2055-2060,1571.8371833508136,94168.94713590587,0.0,0.0
Netherlands,Germany,2020-2025,0.003912287117780099,0.003912287117780099,0.0,0.0013655834928884352
Netherlands,Germany,2025-2030,0.014828143258166216,0.018740430375946315,0.0,0.0034970427105510456
Netherlands,Germany,2030-2035,333797.36362445384,333797.3823648842,0.0,20677.457796058516
Netherlands,Germany,2035-2040,109131.14733597019,442928.5297008544,0.0,14804.9792517609
Netherlands,Germany,2040-2045,331727.868285709,774656.3979865634,0.0,25972.07513143542
Netherlands,Germany,2045-2050,215225.5203713224,989881.9183578858,0.0,33192.48923250953
Netherlands,Germany,2050-2055,0.0,989881.9183578858,0.0,36562.90891491859
Netherlands,Germany,2055-2060,0.0,989881.9183578858,0.0,32680.105920468708
NO2,Germany,2020-2025,0.00440361186415382,0.00440361186415382,0.0,0.005016564876726566
NO2,Germany,2025-2030,0.017472320148097832,0.021875932012251652,0.0,0.019279903723974565
NO2,Germany,2030-2035,378432.5965049361,378432.6183808681,0.0,681208.2993853579
NO2,Germany,2035-2040,210784.34361507103,589216.9619959391,0.0,807048.5769150705
NO2,Germany,2040-2045,644444.7168069816,1233661.6788029207,0.0,1317933.610557372
NO2,Germany,2045-2050,145059.94289095327,1378721.621693874,0.0,1503328.7395287645
NO2,Germany,2050-2055,0.0,1378721.621693874,0.0,1466199.482022763
NO2,Germany,2055-2060,34811.86994528351,1413533.4916391575,0.0,1713671.7713109814
Poland,Germany,2020-2025,0.0014103430329801894,0.0014103430329801894,0.0,0.0024466913117874296
Poland,Germany,2025-2030,0.4818112014247374,0.4832215444577176,0.0,2.5025957694156187
Poland,Germany,2030-2035,153595.36993532395,153595.8531568684,0.0,520.5225025468447
Poland,Germany,2035-2040,113733.93295064554,267329.78610751394,0.0,410.2829762151879
Poland,Germany,2040-2045,160853.44112440682,428183.22723192076,0.0,406233.52911708615
Poland,Germany,2045-2050,0.0,428183.22723192076,0.0,359742.49800921103
Poland,Germany,2050-2055,430819.3170708436,859002.5443027643,0.0,165997.0087840067
Poland,Germany,2055-2060,-1.1641532182693481e-10,859002.5443027643,-0.0,155399.8884531759
Sweden,Germany,2020-2025,0.0012768132479899497,0.0012768132479899497,0.0,0.0010683270267518893
Sweden,Germany,2025-2030,0.004296122691778925,0.005572935939768875,0.0,0.010376174190021202
Sweden,Germany,2030-2035,74444.18561914758,74444.19119208353,0.0,164.3952359697472
Sweden,Germany,2035-2040,60870.03981214692,135314.23100423045,0.0,328.1510922275468
Sweden,Germany,2040-2045,38975.01451922054,174289.24552345098,0.0,173017.20231770157
Sweden,Germany,2045-2050,31020.206743753457,205309.45226720444,0.0,215442.57508237206
Sweden,Germany,2050-2055,67167.64505738989,272477.09732459433,0.0,328335.1905596429
Sweden,Germany,2055-2060,0.0,272477.09732459433,0.0,335838.3959236596
GreatBrit.,Denmark,2020-2025,0.0037771815350949936,0.0037771815350949936,0.0,0.0008567849705012433
GreatBrit.,Denmark,2025-2030,685.777333618252,685.781110799787,0.0,0.0
GreatBrit.,Denmark,2030-2035,589300.502613023,589986.2837238228,0.0,236388.77903977648
GreatBrit.,Denmark,2035-2040,614803.5624851205,1204789.8462089433,0.0,543069.3007414631
GreatBrit.,Denmark,2040-2045,1208677.9601065095,2413467.806315453,0.0,1337097.9877258104
GreatBrit.,Denmark,2045-2050,171371.97257113643,2584839.778886589,0.0,1322348.7377475242
GreatBrit.,Denmark,2050-2055,0.0,2584839.778886589,0.0,1661803.480169586
GreatBrit.,Denmark,2055-2060,0.0,2584839.778886589,0.0,1360316.559050834
Netherlands,Denmark,2020-2025,0.004429135963186032,0.004429135963186032,0.0,0.0006412094413946576
Netherlands,Denmark,2025-2030,0.010543058323353484,0.014972194286539516,0.0,0.00154869359394522
Netherlands,Denmark,2030-2035,307357.5784195741,307357.5933917684,0.0,8878.247923240322
Netherlands,Denmark,2035-2040,211778.30434364255,519135.89773541095,0.0,8365.429603285247
Netherlands,Denmark,2040-2045,314338.10143605515,833473.9991714661,0.0,13841.264391061648
Netherlands,Denmark,2045-2050,55847.00627995073,889321.0054514168,0.0,9665.847940749045
Netherlands,Denmark,2050-2055,0.0,889321.0054514168,0.0,6069.6697304455965
Netherlands,Denmark,2055-2060,0.0,889321.0054514168,0.0,19311.80782174598
NO2,Denmark,2020-2025,0.004152763132347637,0.004152763132347637,0.0,0.002662414865985302
NO2,Denmark,2025-2030,0.01548858895403413,0.019641352086381767,0.0,0.007289740015750724
NO2,Denmark,2030-2035,378466.5848689539,378466.604510306,0.0,334479.8512198243
NO2,Denmark,2035-2040,211670.35556575836,590136.9600760643,0.0,409749.6166895417
NO2,Denmark,2040-2045,643686.4732884881,1233823.4333645524,0.0,658561.4423307375
NO2,Denmark,2045-2050,142110.0257560755,1375933.459120628,0.0,801050.2143478057
NO2,Denmark,2050-2055,0.0,1375933.459120628,0.0,756348.6637096065
NO2,Denmark,2055-2060,35541.75119304657,1411475.2103136745,0.0,890580.3735200741
Poland,Denmark,2020-2025,0.0013814778557691629,0.0013814778557691629,0.0,0.0007901580632881199
Poland,Denmark,2025-2030,0.49424410015089704,0.4956255780066662,0.0,0.7992815636743337
Poland,Denmark,2030-2035,153558.6236934353,153559.11931901332,0.0,261.2095862353911
Poland,Denmark,2035-2040,113716.85009079345,267275.96940980677,0.0,443.4842269446769
Poland,Denmark,2040-2045,67053.64927930996,334329.61868911673,0.0,143063.804631594
Poland,Denmark,2045-2050,55900.51510365505,390230.1337927718,0.0,122008.05801433964
Poland,Denmark,2050-2055,459646.82557703246,849876.9593698042,0.0,50376.25196158235
Poland,Denmark,2055-2060,0.0,849876.9593698042,0.0,58664.03512100073
Sweden,Denmark,2020-2025,0.0012620043471673892,0.0012620043471673892,0.0,0.00040561591523244084
Sweden,Denmark,2025-2030,0.004166511631896519,0.005428515979063908,0.0,0.004848900673522466
Sweden,Denmark,2030-2035,74431.41755417825,74431.42298269423,0.0,46.19129144588982
Sweden,Denmark,2035-2040,60888.24566364003,135319.66864633426,0.0,141.42876193583953
Sweden,Denmark,2040-2045,36357.63467162987,171677.30331796414,0.0,62546.478312199215
Sweden,Denmark,2045-2050,24997.514689688163,196674.8180076523,0.0,103315.7266874754
Sweden,Denmark,2050-2055,109078.09737081855,305752.91537847085,0.0,137944.0917100257
Sweden,Denmark,2055-2060,0.0,305752.91537847085,0.0,144919.01015513518
Finland,Estonia,2020-2025,0.9444295884113707,0.9444295884113707,585.8582402428697,2.3739311014653186
Finland,Estonia,2025-2030,0.0634880273054824,1.0079174741786445,30.858037006343306,2.3642868137155024
Finland,Estonia,2030-2035,458.58561698047083,459.5935343131113,166654.166621867,3910.30581197075
Finland,Estonia,2035-2040,448.1507207333086,907.7442549048816,119799.92038019856,6913.260853957118
Finland,Estonia,2040-2045,12218.496019354125,13126.240274117472,2346351.793687333,9.001007077575206
Finland,Estonia,2045-2050,10442.844591136018,23569.084865111956,1389345.355183984,11.041504748160314
Finland,Estonia,2050-2055,64621.85971278335,88190.94457775375,5610638.970332302,9.073878163610676
Finland,Estonia,2055-2060,39844.37516762956,128035.31974524175,2016439.70539827,7.691625089595911
Latvia,Estonia,2020-2025,0.2013553075837242,0.2013553075837242,582.8983429323732,0.4988695473721252
Latvia,Estonia,2025-2030,0.011931306636049624,0.21328647268157433,27.062707950313946,0.4864101024426415
Latvia,Estonia,2030-2035,0.7186325533419008,0.9319188844852961,1218.7353665265864,0.43280405572319885
Latvia,Estonia,2035-2040,0.004207006933878742,0.936125749880953,5.248224918989253,0.48308613021152047
Latvia,Estonia,2040-2045,4.8485314530931145,5.784657061436012,4345.0259440474565,23.907138936977454
Latvia,Estonia,2045-2050,0.00011125577209560134,5.784768175669322,0.06907497422094107,16.939001233382964
Latvia,Estonia,2050-2055,6.622055809960809e-05,5.784834254689853,0.026830730023710836,11.622920965779208
Latvia,Estonia,2055-2060,0.00010605548385538133,5.784940168634998,0.025047139260360698,15.128898958786452
Sweden,Estonia,2020-2025,0.18654186713074133,0.18654186713074133,597.874073381637,0.4962693016179223
Sweden,Estonia,2025-2030,0.007831635398799478,0.1943734317604449,19.667056560651396,0.4528776856167081
Sweden,Estonia,2030-2035,0.0658712639422824,0.26024462493360273,123.68077188300542,0.7984774719765424
Sweden,Estonia,2035-2040,0.07935778121246342,0.33960233537698137,109.60551080992883,1.0869590761636676
Sweden,Estonia,2040-2045,0.14527423193416752,0.4848764965420703,144.13664439818615,1.0666998954450204
Sweden,Estonia,2045-2050,0.09743462619250157,0.5823110519654416,66.97537675599496,1.272268225423084
Sweden,Estonia,2050-2055,0.07880610588327037,0.6611170870796422,35.35112043291467,1.52538202885996
Sweden,Estonia,2055-2060,0.0005826599149024689,0.661699676225384,0.15235047209098782,1.358291830212446
France,Spain,2020-2025,0.055547270191730495,0.055547270191730495,605.3060843603891,0.15514463119989108
France,Spain,2025-2030,0.17803602004008698,0.23358321946271413,1520.105394601816,1.3956044847573057
France,Spain,2030-2035,0.24190220411259888,0.4754853528062313,1544.2760380855939,0.14222282407667075
France,Spain,2035-2040,0.00016145795597945345,0.47564673999307927,0.7581955668979475,0.45898720798534043
France,Spain,2040-2045,0.4597314964772429,0.9353781657013122,1550.8471445356506,0.5783043728999071
France,Spain,2045-2050,4.804351344458768e-05,0.9354261384455769,0.11228339076025569,0.44094279883933074
France,Spain,2050-2055,0.3644704422444151,1.2998965099210245,555.8844762378711,0.40588061326369457
France,Spain,2055-2060,0.0004227467395129378,1.3003191858914223,0.37582688727044045,0.4332489909168671
Ireland,Spain,2020-2025,0.06290769098490696,0.06290769098490696,591.8570766110074,0.16701118839233503
Ireland,Spain,2025-2030,343.0479925971149,343.11090021733105,2528840.7832698794,3001.765031616306
Ireland,Spain,2030-2035,232731.61844983127,233074.72935005478,1282747799.5993524,0.18042425888101704
Ireland,Spain,2035-2040,2.535117626285748e-05,233074.7293754516,0.10278285738732754,232.8697135709769
Ireland,Spain,2040-2045,547217.2968340487,780292.026209556,1593768848.986333,0.718843923531935
Ireland,Spain,2045-2050,3.8238326370427715e-05,780292.0262478527,0.07715790304851405,0.6480935797488774
Ireland,Spain,2050-2055,195470.66625481466,975762.6925025104,257397667.41823614,0.4779482406799042
Ireland,Spain,2055-2060,62521.57481873589,1038284.2673211758,47988621.01785657,0.5905835538493798
Portugal,Spain,2020-2025,0.11472840242889588,0.11472840242889588,596.6376271128042,0.2962480053789321
Portugal,Spain,2025-2030,0.008651007374064096,0.12337933903386551,35.25006153692726,0.30324274008919083
Portugal,Spain,2030-2035,8893.26012006321,8893.383499518028,27094021.846293498,19428.32849679329
Portugal,Spain,2035-2040,4.4687307286856145e-05,8893.383543949381,0.10014594088063558,10748.74446398346
Portugal,Spain,2040-2045,0.005248720210353483,8893.38879255113,8.44978255710443,51371.71125268769
Portugal,Spain,2045-2050,0.00011185020749729461,8893.38890434994,0.12475125614799969,11204.580000613842
Portugal,Spain,2050-2055,6.099153715772191e-05,8893.388965217007,0.04439347945868939,19803.932531127142
Portugal,Spain,2055-2060,0.0001231100418834983,8893.389088345728,0.052231011151929095,12906.065912380367
NO4,Finland,2020-2025,0.0009104657618903637,0.0009104657618903637,0.0,0.0013187018898021174
NO4,Finland,2025-2030,0.005910457924746151,0.006820923686636515,0.0,0.00025606856467582246
NO4,Finland,2030-2035,77930.37266769497,77930.37948861867,0.0,172676.97058198776
NO4,Finland,2035-2040,53280.33497616538,131210.71446478405,0.0,202706.9448153581
NO4,Finland,2040-2045,59320.87340399853,190531.58786878258,0.0,440603.7723470331
NO4,Finland,2045-2050,16339.725410822954,206871.31327960553,0.0,444266.6677811959
NO4,Finland,2050-2055,145328.2686149148,352199.5818945203,0.0,251161.17839065124
NO4,Finland,2055-2060,17515.342733822064,369714.9246283424,0.0,212327.43811070916
Sweden,Finland,2020-2025,0.29303431712041905,0.29303431712041905,605.9268347988321,0.8023022169019339
Sweden,Finland,2025-2030,0.012345950985257445,0.3053801265674762,20.002291694488594,0.7349807316998217
Sweden,Finland,2030-2035,0.08820675253625403,0.3935867375655218,106.85044253489733,0.9508956321694971
Sweden,Finland,2035-2040,0.1106127437941221,0.5041993398213662,98.56355080635876,1.23617059028001
Sweden,Finland,2040-2045,0.17117698792633318,0.6753761862095771,109.57197787756796,1.8141429830742863
Sweden,Finland,2045-2050,0.16966039938315453,0.8450364440544735,75.24031911181368,2.2080294750484715
Sweden,Finland,2050-2055,0.08565279688363564,0.930689099399942,24.78866657243635,2.6246270881333067
Sweden,Finland,2055-2060,0.0007758283042025272,0.9314647861659046,0.1308767750014181,2.4247346000080365
GreatBrit.,France,2020-2025,0.0033702058879051047,0.0033702058879051047,0.0,0.0005308654751169708
GreatBrit.,France,2025-2030,685.7782655746234,685.7816357805114,0.0,0.0
GreatBrit.,France,2030-2035,553733.2628197147,554419.0444554952,0.0,129623.72363101598
GreatBrit.,France,2035-2040,674913.5834898117,1229332.627945307,0.0,275846.68097544333
GreatBrit.,France,2040-2045,1306928.1765927847,2536260.8045380916,0.0,581338.4702971737
GreatBrit.,France,2045-2050,61260.25964377308,2597521.0641818647,0.0,732226.3607460391
GreatBrit.,France,2050-2055,0.0,2597521.0641818647,0.0,830717.2722950066
GreatBrit.,France,2055-2060,0.0,2597521.0641818647,0.0,724270.960338418
Ireland,France,2020-2025,0.12379339773926294,0.12379339773926294,601.5435142064002,0.33304411496616365
Ireland,France,2025-2030,0.00564628516763233,0.12943961213781127,21.49739709505209,0.30697862853145874
Ireland,France,2030-2035,0.03800886726175372,0.16744840863041854,108.20000510645056,0.4022041946639157
Ireland,France,2035-2040,0.051230439815553336,0.21867877767686092,107.27712403037502,0.5480072037727491
Ireland,France,2040-2045,0.07331120088741538,0.2919899077952357,110.27887241704693,0.8088926105566886
Ireland,France,2045-2050,0.061931572034358985,0.353921409060448,64.54314301258599,0.8928596891094254
Ireland,France,2050-2055,0.046343317758294277,0.40026465604968803,31.518576974539183,1.172554750524766
Ireland,France,2055-2060,0.000318039200833056,0.40058262448138415,0.12607979117729293,1.0396939366385283
Italy,France,2020-2025,0.052038229421880605,0.052038229421880605,595.5823786587458,0.1366205931395194
Italy,France,2025-2030,0.0027852976295489333,0.054823456282330166,24.977239756405584,0.1293017004017146
Italy,France,2030-2035,0.01606956246215082,0.0708929479753978,107.7447627780545,0.1684064793548621
Italy,France,2035-2040,0.01901057975651169,0.08990345696278214,93.76141702192601,0.21018424980400188
Italy,France,2040-2045,0.030675675592994483,0.12057906178672662,108.68406724547623,0.31407478006966444
Italy,France,2045-2050,0.02773775234376227,0.14831674336134007,68.08619045258351,0.3618251219881287
Italy,France,2050-2055,0.02058896078548448,0.16890563337770545,32.98098854484746,0.49390537366979925
Italy,France,2055-2060,0.0001296846807208373,0.1690352472893278,0.12108860262959048,0.4285534761573132
Luxemb.,France,2020-2025,0.20484395037435912,0.20484395037435912,609.9403124000212,0.5716174486657628
Luxemb.,France,2025-2030,0.005449973282396559,0.21029378211855493,12.714874362505409,0.4918724087375887
Luxemb.,France,2030-2035,0.059860595275445336,0.2701542358557934,104.41863590721084,0.6323230593797394
Luxemb.,France,2035-2040,0.08014731156143841,0.350301405879061,102.8401322987352,0.8470108363728232
Luxemb.,France,2040-2045,0.12223248579304723,0.4725337501339124,112.66869316803063,1.2826831630610753
Luxemb.,France,2045-2050,0.10486874205993738,0.5774023506556044,66.9697525788551,1.4517605902375896
Luxemb.,France,2050-2055,0.06503507903721797,0.6424372881546623,27.103275616514654,1.8164377757864507
Luxemb.,France,2055-2060,0.0005172579614710549,0.6429544045778778,0.12565120014723388,1.6155884657755615
Ireland,GreatBrit.,2020-2025,0.0015186097753996652,0.0015186097753996652,0.0,9.883025769683481e-07
Ireland,GreatBrit.,2025-2030,343.09507464941873,343.09659325919415,0.0,0.0
Ireland,GreatBrit.,2030-2035,228442.00402741414,228785.10062067333,0.0,1056413.340790164
Ireland,GreatBrit.,2035-2040,88249.26173859922,317034.36235927255,0.0,765928.2699119383
Ireland,GreatBrit.,2040-2045,723609.8364901026,1040644.1988493751,0.0,4028763.7198665496
Ireland,GreatBrit.,2045-2050,0.0,1040644.1988493751,0.0,4311913.240987349
Ireland,GreatBrit.,2050-2055,167430.9150920997,1208075.1139414748,0.0,7212431.493427813
Ireland,GreatBrit.,2055-2060,0.0,1208075.1139414748,0.0,6512339.258837552
Netherlands,GreatBrit.,2020-2025,0.0032364236022305315,0.0032364236022305315,0.0,0.00034158210620505446
Netherlands,GreatBrit.,2025-2030,0.004872661804958378,0.00810908540718891,0.0,0.0006661424176827266
Netherlands,GreatBrit.,2030-2035,254695.3490835886,254695.357192674,0.0,3138.585255395603
Netherlands,GreatBrit.,2035-2040,144966.52903809998,399661.886230774,0.0,1727.110294068702
Netherlands,GreatBrit.,2040-2045,171562.13428940112,571224.0205201751,0.0,4764.412494676906
Netherlands,GreatBrit.,2045-2050,0.0,571224.0205201751,0.0,0.0
Netherlands,GreatBrit.,2050-2055,55799.61972308124,627023.6402432563,0.0,4302.543822978084
Netherlands,GreatBrit.,2055-2060,0.0,627023.6402432563,0.0,0.0
NO2,GreatBrit.,2020-2025,0.004182117044678073,0.004182117044678073,0.0,0.0014169117939795825
NO2,GreatBrit.,2025-2030,0.01762966812804106,0.021811785172719134,0.0,0.004596715388606572
NO2,GreatBrit.,2030-2035,378417.4751217839,378417.4969335691,0.0,155605.8071916461
NO2,GreatBrit.,2035-2040,211138.9507373292,589556.4476708983,0.0,241141.07616685887
NO2,GreatBrit.,2040-2045,638107.7463422461,1227664.1940131444,0.0,302044.95320019
NO2,GreatBrit.,2045-2050,144201.8964521014,1371866.0904652458,0.0,381151.75368481124
NO2,GreatBrit.,2050-2055,0.0,1371866.0904652458,0.0,311351.08689693344
NO2,GreatBrit.,2055-2060,0.0,1371866.0904652458,0.0,378382.37447194697
NO5,GreatBrit.,2020-2025,0.004189658244495186,0.004189658244495186,0.0,0.004831035100978926
NO5,GreatBrit.,2025-2030,0.01253049997752858,0.016720158222023766,0.0,0.013944131892757967
NO5,GreatBrit.,2030-2035,376017.5806622244,376017.5973823826,0.0,95495.64074778561
NO5,GreatBrit.,2035-2040,210379.04594289034,586396.643325273,0.0,117612.88624225302
NO5,GreatBrit.,2040-2045,543104.9214402365,1129501.5647655095,0.0,178821.52720656633
NO5,GreatBrit.,2045-2050,144140.02365247835,1273641.5884179878,0.0,318233.16815448785
NO5,GreatBrit.,2050-2055,0.0,1273641.5884179878,0.0,385315.9222019678
NO5,GreatBrit.,2055-2060,0.0,1273641.5884179878,0.0,579146.684006891
Italy,Greece,2020-2025,0.3317473543150548,0.3317473543150548,583.0799354119428,0.8237880433935345
Italy,Greece,2025-2030,1711.3499182399555,1711.6816654527504,2356746.940946311,0.4107099433466687
Italy,Greece,2030-2035,6143.880633900386,7855.562299212892,6326101.957924579,22418.10448512089
Italy,Greece,2035-2040,12404.290303106447,20259.852602174113,9395113.32270397,149127.4207468525
Italy,Greece,2040-2045,198174.6321449435,218434.48474667463,107825407.32538149,322.74479417165685
Italy,Greece,2045-2050,160602.60963844613,379037.09438699967,60539895.560911566,2.2041819367254782
Italy,Greece,2050-2055,0.00020429251850205552,379037.0945908155,0.05025543137347948,801.6819294417635
Italy,Greece,2055-2060,0.00018618932435603017,379037.09477468935,0.026697504399493664,2200.7513316894165
Macedonia,Greece,2020-2025,0.11783262075561318,0.11783262075561318,593.2888764844696,0.30254076994802087
Macedonia,Greece,2025-2030,0.12866943647228699,0.24650198645877056,507.609302407111,1.664926125846674
Macedonia,Greece,2030-2035,0.3995130671794354,0.6460149828691333,1178.4317805152207,2.979931993658928
Macedonia,Greece,2035-2040,6.974199342361818e-05,0.6460846540934526,0.15132284493573717,0.3162806623286818
Macedonia,Greece,2040-2045,0.42759072037960144,1.0736753037039601,666.4711554119575,2.7228738003544812
Macedonia,Greece,2045-2050,5.5446487324179786e-05,1.0737306794221735,0.05987467196641609,3.715636256613128
Macedonia,Greece,2050-2055,9.081233437621083e-05,1.073821420987466,0.063996382011898,1.6217910505487665
Macedonia,Greece,2055-2060,0.0001334848894288381,1.0739548351077646,0.05483123611196821,1.0128273255922478
Hungary,Croatia,2020-2025,0.19083331005245344,0.19083331005245344,589.9253776228923,0.4883058152561781
Hungary,Croatia,2025-2030,0.01622673167459981,0.2070599709579384,39.30315872659187,0.36780022598991974
Hungary,Croatia,2030-2035,0.10135669927387222,0.3084165994626988,183.55581347837904,1.2776837907130072
Hungary,Croatia,2035-2040,0.08602981850213022,0.39444634719571575,114.60442190870283,1.5395841171445108
Hungary,Croatia,2040-2045,0.14330497821025634,0.5377512546369011,137.1376146301327,2.2563489573808906
Hungary,Croatia,2045-2050,0.12450856067499504,0.6622597445427736,82.54875909606481,2.7309240694200345
Hungary,Croatia,2050-2055,0.11046481304551696,0.772724486819194,47.794373327078375,3.4217652235564997
Hungary,Croatia,2055-2060,0.0003940137311166452,0.7731184297812109,0.0993686786141469,3.2334025801396544
Italy,Croatia,2020-2025,0.4347433827520767,0.4347433827520767,584.3163520643016,1.0828636664880145
Italy,Croatia,2025-2030,0.11540793853380316,0.5501511797476759,121.53580672400453,0.6704855852008105
Italy,Croatia,2030-2035,12624.369830677502,12624.919981712726,9940255.726742567,108391.27958027946
Italy,Croatia,2035-2040,3375.548404348275,16000.468385920363,1955099.5337920531,123414.86487701042
Italy,Croatia,2040-2045,16063.705302201892,32064.173687985865,6683642.4052243335,248618.28613062418
Italy,Croatia,2045-2050,3051.8137014758354,35115.98738931781,879714.0313378859,272634.07978550036
Italy,Croatia,2050-2055,17554.338923946874,52670.32631317947,3302246.227869044,417687.9866524379
Italy,Croatia,2055-2060,0.0006791214275308872,52670.32699208268,0.07446595356510707,417691.6917599049
Serbia,Croatia,2020-2025,0.1558460923560445,0.1558460923560445,592.9464095142026,0.40102920892359073
Serbia,Croatia,2025-2030,0.17266687908063946,0.3285129006675737,514.7330687825258,2.231013022911907
Serbia,Croatia,2030-2035,0.6314286797518565,0.9599415096503299,1407.3969932481748,5.958418332564383
Serbia,Croatia,2035-2040,6.219975957042138e-05,0.9600036386407462,0.10198063326329387,0.6861113953955079
Serbia,Croatia,2040-2045,1.680487079315446,2.6404906471877374,1979.279477740679,12.57852650027632
Serbia,Croatia,2045-2050,6.138254406194932e-05,2.640551958962587,0.050087903156128315,15.658719825978613
Serbia,Croatia,2050-2055,5.081613812557398e-05,2.6406027043315436,0.02706020590801368,10.543346528012165
Serbia,Croatia,2055-2060,8.029450126507745e-05,2.640682928063855,0.02492301581026922,7.010022576878581
Slovenia,Croatia,2020-2025,0.485938018079008,0.485938018079008,587.8119994150356,1.2345372193169686
Slovenia,Croatia,2025-2030,0.029005452194911564,0.5149433287357148,27.491011181900014,0.9957615159347114
Slovenia,Croatia,2030-2035,1536.2118423739712,1536.7267855611728,1088632.929137288,0.8171414562542553
Slovenia,Croatia,2035-2040,1321.516822092246,2858.243607511943,688873.9108283565,0.9014575975546878
Slovenia,Croatia,2040-2045,4431.288516769137,7289.532124139673,1659357.6982990298,1.2550137646727606
Slovenia,Croatia,2045-2050,1712.280759021,9001.812883018763,444222.94444611523,1.5530415816038865
Slovenia,Croatia,2050-2055,1977.2646985044898,10979.077581382104,334759.0261519409,4.004750553481333
Slovenia,Croatia,2055-2060,0.0014772038787953007,10979.079058444227,0.1457784306115235,2.0188424073702125
Poland,Hungary,2020-2025,0.0020280282110301667,0.0020280282110301667,0.0,0.0020557675568312938
Poland,Hungary,2025-2030,0.49471880157915854,0.4967468297901887,0.0,0.0
Poland,Hungary,2030-2035,61573.94315499714,61574.43990182693,0.0,40310.8063481049
Poland,Hungary,2035-2040,43010.41568312139,104584.85558494832,0.0,181032.042592085
Poland,Hungary,2040-2045,196438.7885601502,301023.6441450985,0.0,184793.39435113262
Poland,Hungary,2045-2050,0.0,301023.6441450985,0.0,137858.05629112202
Poland,Hungary,2050-2055,83938.16366634629,384961.8078114448,0.0,275391.20154446445
Poland,Hungary,2055-2060,0.0,384961.8078114448,0.0,277869.1236689964
Romania,Hungary,2020-2025,0.08888594750235303,0.08888594750235303,592.7403994104712,0.2281850184844146
Romania,Hungary,2025-2030,0.08963192349029259,0.1785178002235442,468.32532512116876,1.187527225329957
Romania,Hungary,2030-2035,24136.810735781204,24136.989253507865,94294008.00683202,124428.66097362568
Romania,Hungary,2035-2040,2.9995471488469317e-05,24136.98928343806,0.08619788052489487,215.32294454704325
Romania,Hungary,2040-2045,222137.77625394717,246274.7655373889,458570655.1801288,909901.9886112671
Romania,Hungary,2045-2050,4.833518684107499e-05,246274.76558565145,0.06912947592899508,1210229.6515915631
Romania,Hungary,2050-2055,2.353489522935323e-05,246274.76560910954,0.021966132821407216,695180.5409303637
Romania,Hungary,2055-2060,3.8094729357117275e-05,246274.76564708105,0.02072485861751864,404003.6110964656
Serbia,Hungary,2020-2025,0.12784191716806007,0.12784191716806007,593.4598239973147,0.3294866027957178
Serbia,Hungary,2025-2030,0.15980163969888247,0.28764348609786355,581.2363735425665,1.996030165192885
Serbia,Hungary,2030-2035,0.12279754264462872,0.41044095797336516,333.9492814909068,1.7722572345577516
Serbia,Hungary,2035-2040,0.00013154203935873297,0.4105724292436091,0.263143163509871,0.31556207335347825
Serbia,Hungary,2040-2045,0.3021031618454906,0.712675520320004,434.13593655312627,2.0921647428464585
Serbia,Hungary,2045-2050,7.932006781925707e-05,0.712754769618727,0.07897135068463691,2.710619109604845
Serbia,Hungary,2050-2055,8.095059914290771e-05,0.7128356494487549,0.052595432391990396,1.4213413774018158
Serbia,Hungary,2055-2060,0.00010851547589311188,0.7129440941555483,0.041096514493742346,1.1067785326995139
Slovenia,Hungary,2020-2025,0.15002732322007492,0.15002732322007492,590.9721894765336,0.38517639139603743
Slovenia,Hungary,2025-2030,0.008933109929404019,0.15896036238037664,27.57102209447111,0.43184966017199805
Slovenia,Hungary,2030-2035,0.1765489444459441,0.33550923605721916,407.4127323910908,0.2886926267732602
Slovenia,Hungary,2035-2040,0.09093390097511021,0.4264430662631919,154.3590076140439,0.3201803463619863
Slovenia,Hungary,2040-2045,0.15190085232958833,0.5783438478236934,185.22914059440663,0.45624853711069163
Slovenia,Hungary,2045-2050,0.13389907216031208,0.7122428492148952,113.1208582485495,0.5608615474865478
Slovenia,Hungary,2050-2055,0.12119100977154598,0.8334337882173573,66.81546590668887,0.9053232687126165
Slovenia,Hungary,2055-2060,0.000298970013228923,0.8337326874614648,0.09607703140464653,0.7200500679130941
Slovakia,Hungary,2020-2025,0.3552700202625186,0.3552700202625186,595.0387968327263,0.9347168416478593
Slovakia,Hungary,2025-2030,0.014632140316623366,0.369902019040943,19.20207156602155,0.8540669235904755
Slovakia,Hungary,2030-2035,0.1564798964991413,0.5263817740018659,153.53877139190251,0.8099896032901298
Slovakia,Hungary,2035-2040,0.17017808897256578,0.6965597214362268,122.82869474185274,0.9693517716907742
Slovakia,Hungary,2040-2045,0.22026972167864914,0.916829301576681,114.2073206465042,1.341773654150302
Slovakia,Hungary,2045-2050,0.20346859390799382,1.1202977539464585,73.08908862839506,1.595362692285349
Slovakia,Hungary,2050-2055,0.1928778261316455,1.3131754385399026,45.214625547234355,2.1883006889332135
Slovakia,Hungary,2055-2060,0.0008132823134442878,1.3139885793151211,0.11112795224909848,2.0196433372507516
Slovenia,Italy,2020-2025,0.11562902174297238,0.11562902174297238,585.7801339380062,0.29054998793889314
Slovenia,Italy,2025-2030,0.0073832151228159434,0.12301216609668406,29.306692990266953,0.3205827430757884
Slovenia,Italy,2030-2035,0.07982162267613607,0.2028337180037163,236.8978551054626,0.23669772667821531
Slovenia,Italy,2035-2040,0.055017997948337144,0.25785164518293313,120.11079530798531,0.2659109352243371
Slovenia,Italy,2040-2045,0.09412771368729674,0.3519792881011586,147.61745560863773,0.39118668383127414
Slovenia,Italy,2045-2050,0.08299522198177946,0.43497443931380864,90.17565780201775,0.4799376190974513
Slovenia,Italy,2050-2055,0.07669899742606305,0.5116733659707499,54.383529317012744,0.7333203700006223
Slovenia,Italy,2055-2060,0.00023634753226608855,0.5119096427339298,0.09768190520465142,0.6096496426324451
Latvia,Lithuania,2020-2025,0.216179622455727,0.216179622455727,585.5820462512505,0.5446486256201427
Latvia,Lithuania,2025-2030,0.012031203749508857,0.2282106846670294,25.534983714769105,0.5194607615895125
Latvia,Lithuania,2030-2035,1.0724040448436032,1.3006145879724114,1701.783196292821,0.43066901368355576
Latvia,Lithuania,2035-2040,0.00036514643670126885,1.300979592870886,0.42623542145057364,2.1223972577105847
Latvia,Lithuania,2040-2045,2.5083201536500366,3.80929960498272,2103.3346880719832,13.800834290240159
Latvia,Lithuania,2045-2050,0.0014146753392998651,3.8107141387838177,0.8218607165003862,10.672230984085562
Latvia,Lithuania,2050-2055,7.559566776001064,11.37028077324684,2866.0239834432036,8.25507832707861
Latvia,Lithuania,2055-2060,0.0002276673780165047,11.37050829908658,0.05031170863555701,18.762425445415268
Poland,Lithuania,2020-2025,0.1467924480830198,0.1467924480830198,596.4416614264096,0.3888145481829851
Poland,Lithuania,2025-2030,0.00586320063811325,0.15265557795205753,18.666054028478754,0.34887613094322434
Poland,Lithuania,2030-2035,0.4082187918204898,0.5608742990034186,971.6951605199981,1.8893454925997581
Poland,Lithuania,2035-2040,0.13916485775596332,0.7000390859902956,243.67069962091745,3.7074481381752826
Poland,Lithuania,2040-2045,0.38059959985579783,1.0806386150769427,478.7237822162234,0.6735494048577143
Poland,Lithuania,2045-2050,0.5647739691518638,1.6454125134597355,492.1611970464232,1.6944358352748532
Poland,Lithuania,2050-2055,0.2776312918682663,1.9230437345588827,157.88562320293858,1.6691943103278641
Poland,Lithuania,2055-2060,0.0001756046539078572,1.9232192684437317,0.0582097241561291,1.3324624697167902
Sweden,Lithuania,2020-2025,0.17603344194626036,0.17603344194626036,600.5937772746446,0.4748563631934205
Sweden,Lithuania,2025-2030,0.0067455199605019785,0.1827788911376744,18.032443654556978,0.4243637709703946
Sweden,Lithuania,2030-2035,2454.3528531945444,2454.5356320149285,4905637.307622023,7010.0875325920615
Sweden,Lithuania,2035-2040,1295.1831768477784,3749.718808791934,1904260.3047839357,20017.46829054946
Sweden,Lithuania,2040-2045,9302.25051821984,13051.969326941127,9824853.79935434,1.188761835872648
Sweden,Lithuania,2045-2050,14198.946451470307,27250.91577834113,10389872.290812964,21258.236921139847
Sweden,Lithuania,2050-2055,41470.419792266206,68721.33557054128,19803137.04065001,2.8319376377350314
Sweden,Lithuania,2055-2060,0.00018259888545344593,68721.33575306756,0.05082519243491935,2.1929764899733755
Sweden,Latvia,2020-2025,0.19279522092273468,0.19279522092273468,597.9835354746957,0.5154698260649413
Sweden,Latvia,2025-2030,0.007633967394598492,0.2004290467791413,18.552257674841652,0.4623281214300889
Sweden,Latvia,2030-2035,489.4857145785249,489.6861434837492,889417.7097563338,4193.039446934708
Sweden,Latvia,2035-2040,821.3500753111919,1311.0362186539885,1097818.982256046,10204.138076934743
Sweden,Latvia,2040-2045,4991.674010422831,6302.710228986399,4792825.25824204,1.2094622759550213
Sweden,Latvia,2045-2050,0.0001101003479080717,6302.710336535218,0.07324029656634948,10.028582156451476
Sweden,Latvia,2050-2055,6.409478639976998e-05,6302.7103984887335,0.027824385429945815,3.2253895597391327
Sweden,Latvia,2055-2060,0.00010265798164634569,6302.7105053698715,0.02597651856715682,2.071703829904675
Serbia,Macedonia,2020-2025,0.17875633909828817,0.17875633909828817,596.9468731863612,0.4702543857978669
Serbia,Macedonia,2025-2030,0.06703335171007667,0.24578962003928745,175.39558994369585,0.2570741185298299
Serbia,Macedonia,2030-2035,0.16935062254681324,0.4151401718169782,331.3094443957539,0.4764211426762554
Serbia,Macedonia,2035-2040,0.0007675379303892915,0.415907638978241,1.104545342991756,1.6583535485292331
Serbia,Macedonia,2040-2045,0.43784004765764334,0.8537476158667975,452.6287438762046,1.2934274214503094
Serbia,Macedonia,2045-2050,0.00019742966356513372,0.8539449747612534,0.1414018449361233,1.0528323003793785
Serbia,Macedonia,2050-2055,0.00018151465787052002,0.8541264186500216,0.08483905944123653,2.601083170739051
Serbia,Macedonia,2055-2060,0.0002386366474974383,0.8543649845284091,0.06501396167642404,2.9889296488544885
NO2,Netherlands,2020-2025,0.004433680845183675,0.004433680845183675,0.0,0.0007481658408076192
NO2,Netherlands,2025-2030,0.012633709829263904,0.01706739067444758,0.0,0.002492054070388378
NO2,Netherlands,2030-2035,378272.98522171646,378273.0022891071,0.0,89819.40224727105
NO2,Netherlands,2035-2040,209586.7631862907,587859.7654753978,0.0,91812.65942037177
NO2,Netherlands,2040-2045,606694.3320931151,1194554.097568513,0.0,128313.8046032881
NO2,Netherlands,2045-2050,147060.6759908914,1341614.7735594043,0.0,208012.14041229757
NO2,Netherlands,2050-2055,0.0,1341614.7735594043,0.0,208627.82475399447
NO2,Netherlands,2055-2060,58111.90393966134,1399726.6774990656,0.0,220217.78925274214
NO2,NO1,2020-2025,0.0038243590724105466,0.0038243590724105466,0.0,3.09511134861837e-05
NO2,NO1,2025-2030,0.015762849493762256,0.0195872085661728,0.0,0.00012519352718202187
NO2,NO1,2030-2035,287595.42942614696,287595.44901335554,0.0,20406.898516662357
NO2,NO1,2035-2040,196709.51566607133,484304.96467942686,0.0,24019.1743705568
NO2,NO1,2040-2045,464361.8083706448,948666.7730500717,0.0,127407.37763885994
NO2,NO1,2045-2050,0.04869126237463206,948666.821741334,0.0,70095.02780314257
NO2,NO1,2050-2055,0.0,948666.821741334,0.0,58051.45514339069
NO2,NO1,2055-2060,0.0,948666.821741334,0.0,40228.29649992421
NO3,NO1,2020-2025,0.0030595156300622594,0.0030595156300622594,0.0,0.010931203267450913
NO3,NO1,2025-2030,0.014356322776751829,0.01741583840681409,0.0,0.05074262339097923
NO3,NO1,2030-2035,142945.71751915774,142945.73493499614,0.0,641915.2177668621
NO3,NO1,2035-2040,3943.858314980316,146889.59324997646,0.0,567395.4278845085
NO3,NO1,2040-2045,196602.01380137535,343491.6070513518,0.0,636360.3324435806
NO3,NO1,2045-2050,170235.5839498574,513727.1910012092,0.0,1665905.7295762536
NO3,NO1,2050-2055,22575.955372798257,536303.1463740075,0.0,1794388.8292094385
NO3,NO1,2055-2060,71041.59968297649,607344.746056984,0.0,2355486.291910331
NO5,NO1,2020-2025,0.0034960361607615717,0.0034960361607615717,0.0,0.0016891177419510674
NO5,NO1,2025-2030,0.01108692665953391,0.014582962820295482,0.0,0.003871415222542823
NO5,NO1,2030-2035,375958.7542384603,375958.7688214231,0.0,2012.6355889390713
NO5,NO1,2035-2040,197594.50663382077,573553.2754552439,0.0,27822.225864025702
NO5,NO1,2040-2045,528203.417026818,1101756.692482062,0.0,69682.11262130298
NO5,NO1,2045-2050,144140.02357454505,1245896.716056607,0.0,54902.58216665132
NO5,NO1,2050-2055,0.0,1245896.716056607,0.0,90958.79957065424
NO5,NO1,2055-2060,1.1641532182693481e-10,1245896.716056607,0.0,178589.47586543835
Sweden,NO1,2020-2025,0.14375902708281535,0.14375902708281535,618.3013050105272,0.4171932494162659
Sweden,NO1,2025-2030,0.0024788232804895654,0.1462377088251131,8.353415987093165,0.345173111492574
Sweden,NO1,2030-2035,0.04194426115796514,0.18818182844487116,105.68427579902695,0.44905482576499867
Sweden,NO1,2035-2040,0.06128916815575487,0.24947085506241604,113.59474406798014,0.6581643198059247
Sweden,NO1,2040-2045,0.08563629673556108,0.3351070102597522,114.01850290860905,0.9739789143342624
Sweden,NO1,2045-2050,0.07649514090518283,0.4116020096267255,70.56142254126738,1.114221895716234
Sweden,NO1,2050-2055,0.04294374600759707,0.454545614096125,25.850852966399366,1.3487889743661818
Sweden,NO1,2055-2060,0.00035933797133367353,0.4549048105292244,0.12608499677496562,1.2057445598234673
NO5,NO2,2020-2025,0.0008646627977673239,0.0008646627977673239,0.0,0.0006154729443051018
NO5,NO2,2025-2030,0.00145627582805671,0.002320938625824034,0.0,0.001572999620107385
NO5,NO2,2030-2035,58.83479699003433,58.83711792866015,0.0,58.13780025056183
NO5,NO2,2035-2040,12784.531451347964,12843.368569276625,0.0,9748.201520624782
NO5,NO2,2040-2045,14901.505853178996,27744.87442245562,0.0,21624.563806885595
NO5,NO2,2045-2050,0.0,27744.87442245562,0.0,18243.765386640887
NO5,NO2,2050-2055,16474.936616255574,44219.811038711196,0.0,37212.726323465045
NO5,NO2,2055-2060,35407.36637366696,79627.17741237817,0.0,68969.58090512926
NO4,NO3,2020-2025,0.0016691946635560284,0.0016691946635560284,0.0,0.004988167141513695
NO4,NO3,2025-2030,0.011056783596267106,0.012725978259823134,0.0,0.03524856772376354
NO4,NO3,2030-2035,142945.7897803698,142945.80250634806,0.0,204209.1143584898
NO4,NO3,2035-2040,69864.67764248454,212810.4801488326,0.0,171070.3371087282
NO4,NO3,2040-2045,20543.997629984457,233354.47777881706,0.0,195429.87987988262
NO4,NO3,2045-2050,54549.88424795098,287904.36202676804,0.0,388800.60691197444
NO4,NO3,2050-2055,194563.91002149554,482468.2720482636,0.0,616090.258538886
NO4,NO3,2055-2060,0.0,482468.2720482636,0.0,869265.1662748075
NO5,NO3,2020-2025,0.0008641006677061274,0.0008641006677061274,0.0,0.0003070807437324119
NO5,NO3,2025-2030,0.0014868383537348898,0.002350939021441017,0.0,0.0008322859315402384
NO5,NO3,2030-2035,58.83475403897464,58.83710497799608,0.0,33.82946473162272
NO5,NO3,2035-2040,12784.531380723378,12843.368485701374,0.0,5062.27025903443
NO5,NO3,2040-2045,14901.50593679353,27744.874422494904,0.0,10519.618497055324
NO5,NO3,2045-2050,0.0,27744.874422494904,0.0,10068.748021472831
NO5,NO3,2050-2055,16474.9366144804,44219.811036975305,0.0,14381.601151443538
NO5,NO3,2055-2060,35407.36637539018,79627.17741236549,0.0,38713.32759968811
Sweden,NO3,2020-2025,0.0012686207991565168,0.0012686207991565168,0.0,0.00025376427069023685
Sweden,NO3,2025-2030,0.004259393784707133,0.00552801458386365,0.0,0.002381348951985422
Sweden,NO3,2030-2035,74435.15475221799,74435.16028023258,0.0,9.081950144597682
Sweden,NO3,2035-2040,54882.56760600838,129317.72788624096,0.0,41.95131505600057
Sweden,NO3,2040-2045,35264.71848759489,164582.44637383585,0.0,34996.96333661632
Sweden,NO3,2045-2050,35857.42700013245,200439.8733739683,0.0,51154.699192893284
Sweden,NO3,2050-2055,36493.99929148413,236933.87266545242,0.0,74979.09534634963
Sweden,NO3,2055-2060,81975.1707690208,318909.0434344732,0.0,73662.56122989445
Sweden,NO4,2020-2025,0.001271802359555707,0.001271802359555707,0.0,0.00012054354350141911
Sweden,NO4,2025-2030,0.004208780528849931,0.0054805828884056385,0.0,0.0011822256200348376
Sweden,NO4,2030-2035,75065.46527738613,75065.47075796901,0.0,9.032312602016994
Sweden,NO4,2035-2040,60130.50763068395,135195.97838865296,0.0,21.27767645315112
Sweden,NO4,2040-2045,3097.301940600766,138293.28032925373,0.0,19116.681863015645
Sweden,NO4,2045-2050,39998.215860210825,178291.49618946455,0.0,24831.234092960076
Sweden,NO4,2050-2055,71179.49852286314,249470.9947123277,0.0,36551.40620781592
Sweden,NO4,2055-2060,-2.9103830456733704e-11,249470.9947123277,-0.0,31510.205073134166
Sweden,Poland,2020-2025,0.3484201250982892,0.3484201250982892,612.3840368161517,0.9883324187269934
Sweden,Poland,2025-2030,0.007095160486413241,0.3555151440465562,9.770940234756221,0.8272601800666408
Sweden,Poland,2030-2035,0.10151907934531346,0.4570340818536348,104.53003319587295,1.0784555082036569
Sweden,Poland,2035-2040,0.14733381091996856,0.6043677512354152,111.59186185059616,1.540514362748548
Sweden,Poland,2040-2045,0.17694766752486404,0.7813152772220563,96.2759669067536,2.031595644471716
Sweden,Poland,2045-2050,0.1834025195460653,0.9647176552298993,69.13442691823411,2.3693064201852736
Sweden,Poland,2050-2055,0.11416151876922141,1.0788790324608122,28.083438463954668,2.924443633392242
Sweden,Poland,2055-2060,0.0009318365469166338,1.0798107274695856,0.13361512748896817,2.7763443763077755
Slovakia,Poland,2020-2025,0.10998868004413428,0.10998868004413428,606.1036603436185,0.3043419886394252
Slovakia,Poland,2025-2030,0.0024227976344937917,0.11241140690953716,10.460912325359326,0.25698716330123283
Slovakia,Poland,2030-2035,0.03290204405409614,0.1453133801945276,106.21713546807003,0.295596453214199
Slovakia,Poland,2035-2040,0.044928904465317665,0.19024221389070992,106.69258015947436,0.38832498723549086
Slovakia,Poland,2040-2045,0.055393627513883506,0.24563577063553194,94.49550290859752,0.5139908449676753
Slovakia,Poland,2045-2050,0.05771524647432612,0.3033509463407352,68.21154898683574,0.6049008676213623
Slovakia,Poland,2050-2055,0.04188570035966261,0.345236575931322,32.305362002850366,0.7891618032195972
Slovakia,Poland,2055-2060,0.0002875296544536095,0.3455240348166307,0.12926377083611584,0.7536735100404142
Serbia,Romania,2020-2025,0.12807756675383702,0.12807756675383702,594.5537418984081,0.33340646712118693
Serbia,Romania,2025-2030,0.012832146652856383,0.14090964263758318,46.67355353378633,0.23051969689124843
Serbia,Romania,2030-2035,0.8690058629634163,1.009915434831889,2363.2710989002194,0.24765948897765425
Serbia,Romania,2035-2040,5.392826656444041e-05,1.0099692923294266,0.10788075611075232,0.9226924039608867
Serbia,Romania,2040-2045,2.045717052414649,3.0556862739745925,2939.7881274971874,0.878347222895646
Serbia,Romania,2045-2050,0.00017497148820512913,3.055861174692625,0.1742022559328352,0.7187624909600051
Serbia,Romania,2050-2055,4.3443803511137614e-05,3.055904547727822,0.02822642024411926,1.490930866294173
Serbia,Romania,2055-2060,6.428207567612538e-05,3.0559687590339997,0.024344631334556197,1.6461113682061088
EnergyhubEU,NO2,2020-2025,0.16982204782573382,0.16982204782573382,599.8559381400099,0.4688802478886285
EnergyhubEU,NO2,2025-2030,0.0048000826037437674,0.17462198889126682,13.284802570511836,0.4039957761041733
EnergyhubEU,NO2,2030-2035,0.05273140128674506,0.22735324863980028,109.11764642681281,0.5499227809997596
EnergyhubEU,NO2,2035-2040,0.07440236815038566,0.30175547525200297,113.25284483081943,0.7943240063555435
EnergyhubEU,NO2,2040-2045,0.2643146344915393,0.5660699682053382,289.01908133195576,2.434455433061177
EnergyhubEU,NO2,2045-2050,0.09763782682178737,0.6637076534889068,73.96724342656523,2.776891776517624
EnergyhubEU,NO2,2050-2055,0.042296885069229774,0.7060043970199018,20.910825978180956,2.8472215505238063
EnergyhubEU,NO2,2055-2060,0.0005583970170287047,0.7065626524987437,0.1609130402142527,3.0305203936533514
EnergyhubEU,GreatBrit.,2020-2025,0.15041851857652094,0.15041851857652094,587.4150080307019,0.38998083893213475
EnergyhubEU,GreatBrit.,2025-2030,0.008224107546852384,0.1586425553542845,25.164367368631456,0.3707720907903672
EnergyhubEU,GreatBrit.,2030-2035,0.04736904816348897,0.20601153274867368,108.37052516321735,0.4958702777023566
EnergyhubEU,GreatBrit.,2035-2040,0.06563762758093634,0.2716490895605072,110.46026449464556,0.69691999583514
EnergyhubEU,GreatBrit.,2040-2045,0.2089910029688149,0.4806400217602151,252.65258093060623,1.9973612224682675
EnergyhubEU,GreatBrit.,2045-2050,0.08502068029448069,0.5656606312855794,71.20930504210298,2.282435548903192
EnergyhubEU,GreatBrit.,2050-2055,0.02972900108960452,0.5953895616060855,16.24927399561886,2.2832884928790365
EnergyhubEU,GreatBrit.,2055-2060,0.0005011176617641456,0.5958906084987275,0.15965359512260346,2.4420333574199353
EnergyhubEU,Denmark,2020-2025,0.34779288106841505,0.34779288106841505,594.296870724677,0.9372851342667616
EnergyhubEU,Denmark,2025-2030,0.010764065051981835,0.35855680458218225,14.411612412061956,0.8150850450529323
EnergyhubEU,Denmark,2030-2035,0.10950343781805406,0.4680601008620324,109.61835939980831,1.1346281658121866
EnergyhubEU,Denmark,2035-2040,0.15055100910330077,0.6186109684271233,110.8602614073051,1.6006687270076434
EnergyhubEU,Denmark,2040-2045,19237.32744795556,19237.946058735022,10176065.890536062,82687.84909301296
EnergyhubEU,Denmark,2045-2050,0.0048024107460841155,19237.950861005895,1.7599912066612289,85392.5019824372
EnergyhubEU,Denmark,2050-2055,0.004028320874192464,19237.95488918892,0.9634223694126447,75801.6884772745
EnergyhubEU,Denmark,2055-2060,0.002323106218320668,19237.95721219925,0.32385237354052704,91622.71905075399
EnergyhubEU,Netherlands,2020-2025,0.313704165070431,0.313704165070431,585.7214033708055,0.8129323353363043
EnergyhubEU,Netherlands,2025-2030,0.014140054400567415,0.32784407793278836,20.68594636645815,0.7462400314872697
EnergyhubEU,Netherlands,2030-2035,0.09672958979102181,0.4245735261856066,105.80420886836708,1.0079656213683468
EnergyhubEU,Netherlands,2035-2040,0.13765473506447984,0.5622281197118768,110.75706445366197,1.4212805713942458
EnergyhubEU,Netherlands,2040-2045,5.617930924092066,6.180158902265647,3247.129596247012,27.413629354151595
EnergyhubEU,Netherlands,2045-2050,0.00846225877398022,6.188621019501414,3.3886409267429745,28.075317558191653
EnergyhubEU,Netherlands,2050-2055,0.006118721166405375,6.194739599129654,1.5989739402787164,25.933521342749245
EnergyhubEU,Netherlands,2055-2060,0.001875139710239008,6.1966145973017195,0.28562729191212505,30.0935672141696
EnergyhubEU,Belgium,2020-2025,0.13914395301974233,0.13914395301974233,590.7010066918481,0.36732723498496367
EnergyhubEU,Belgium,2025-2030,0.0057851965070970495,0.14492907875773295,19.243098090391957,0.33338236878716004
EnergyhubEU,Belgium,2030-2035,0.041941986734892266,0.1868709947235244,104.30981160500389,0.4381922568163879
EnergyhubEU,Belgium,2035-2040,0.05774546300661642,0.24461638696101812,105.6405646451084,0.6026947212566484
EnergyhubEU,Belgium,2040-2045,0.16307129060253256,0.40768760679445026,214.30549149283857,1.6252558236759607
EnergyhubEU,Belgium,2045-2050,0.08082875171888945,0.4885162877442648,73.59319976772173,1.8940204227819157
EnergyhubEU,Belgium,2050-2055,0.030998912277660568,0.5195151292528184,18.4187325864185,1.945981509163122
EnergyhubEU,Belgium,2055-2060,0.0004161171667699206,0.5199311756504871,0.14411668649491965,2.0267501551118765
