Node,to_Node,distance
Austria,Bosnia H,460.1770844326783
Austria,Belgium,804.9993903176993
Bosnia H,Belgium,1240.8076520458985
Austria,Bulgaria,1003.134450005818
Bosnia H,Bulgaria,623.1524786508829
Belgium,Bulgaria,1807.6792546967804
Austria,Switzerland,481.9224314543392
Bosnia H,Switzerland,815.3460582173963
Belgium,Switzerland,508.28899209016805
Bulgaria,Switzerland,1427.8666942035436
Austria,Czech R,272.5298639583931
Bosnia H,Czech R,677.5498993385921
Belgium,Czech R,755.5315641218527
Bulgaria,Czech R,1116.2271362568017
Switzerland,Czech R,617.4513770675788
Austria,Germany,488.4779782505236
Bosnia H,Germany,948.4935821401174
Belgium,Germany,420.76327336094533
Bulgaria,Germany,1452.3003489804867
Switzerland,Germany,501.73417085954804
Czech R,Germany,349.59097143547336
Austria,Denmark,1033.0325273091678
Bosnia H,Denmark,1477.843933159037
Belgium,Denmark,681.7617110330788
Bulgaria,Denmark,1889.0068010618397
Switzerland,Denmark,1044.9746656517862
Czech R,Denmark,804.2650420520829
Germany,Denmark,578.1433579146138
Austria,Estonia,1451.7287214248267
Bosnia H,Estonia,1719.29750184428
Belgium,Estonia,1597.0189619143196
Bulgaria,Estonia,1799.504398288958
Switzerland,Estonia,1753.5068907666503
Czech R,Estonia,1190.8193786662646
Germany,Estonia,1274.6381147167156
Denmark,Estonia,1003.3456666666046
Austria,Spain,1631.013697530378
Bosnia H,Spain,1790.0482211975586
Belgium,Spain,1325.4291599027847
Bulgaria,Spain,2391.0095609201107
Switzerland,Spain,1178.8142767802824
Czech R,Spain,1796.1934872853162
Germany,Spain,1613.589587583099
Denmark,Spain,2005.8087750291163
Estonia,Spain,2885.8557553360897
Austria,Finland,1981.6472865907988
Bosnia H,Finland,2283.821219221251
Belgium,Finland,1967.1135455769227
Bulgaria,Finland,2374.1235387350725
Switzerland,Finland,2221.3655124967977
Czech R,Finland,1711.7619996718415
Germany,Finland,1721.991982576517
Denmark,Finland,1296.401070757405
Estonia,Finland,577.2654839689759
Spain,Finland,3290.733019712246
Austria,France,909.9366192670248
Bosnia H,France,1234.7143111972441
Belgium,France,472.17934516202956
Bulgaria,France,1853.8622325570755
Switzerland,France,432.7360771429316
Czech R,France,998.4843820646086
Germany,France,760.9973199813392
Denmark,France,1152.5962486644328
Estonia,France,2025.0216561156835
Spain,France,864.5781668398275
Finland,France,2427.971561813846
Austria,Great Brit.,1266.322284992014
Bosnia H,Great Brit.,1704.797446878775
Belgium,Great Brit.,464.01685098779797
Bulgaria,Great Brit.,2266.953903165326
Switzerland,Great Brit.,945.9269266063901
Czech R,Great Brit.,1186.5246607628333
Germany,Great Brit.,837.219804535623
Denmark,Great Brit.,787.9771612243218
Estonia,Great Brit.,1791.0418159496217
Spain,Great Brit.,1411.0093532852336
Finland,Great Brit.,2044.558141481171
France,Great Brit.,722.3878664249911
Austria,Greece,1103.074752738963
Bosnia H,Greece,642.9362208838601
Belgium,Greece,1867.4330894746813
Bulgaria,Greece,493.80240662428514
Switzerland,Greece,1403.2468926313275
Czech R,Greece,1307.7124316556428
Germany,Greece,1591.4289939657176
Denmark,Greece,2111.9450484411973
Estonia,Greece,2208.6791514835354
Spain,Greece,2153.7918070630544
Finland,Greece,2785.756129734704
France,Greece,1786.2125918651295
Great Brit.,Greece,2329.3143422112125
Austria,Croatia,272.43021507120784
Bosnia H,Croatia,190.00029414867674
Belgium,Croatia,1066.6264146685353
Bulgaria,Croatia,755.7940718966527
Switzerland,Croatia,674.8898545653329
Czech R,Croatia,491.6639804167198
Germany,Croatia,759.6631802726413
Denmark,Croatia,1288.8754663939856
Estonia,Croatia,1581.1825855236448
Spain,Croatia,1732.5801672892246
Finland,Croatia,2136.569774447292
France,Croatia,1105.216687895356
Great Brit.,Croatia,1530.1834784669281
Greece,Croatia,832.1832911360534
Austria,Hungary,336.48205614309126
Bosnia H,Hungary,335.2019675307718
Belgium,Hungary,1122.1056993058405
Bulgaria,Hungary,698.3613664682886
Switzerland,Hungary,812.9048079946447
Czech R,Hungary,421.7022052678233
Germany,Hungary,754.0254917267731
Denmark,Hungary,1216.5625619758125
Estonia,Hungary,1384.166601993866
Spain,Hungary,1928.3347673157152
Finland,Hungary,1948.9723492624762
France,Hungary,1244.0317343468723
Great Brit.,Hungary,1575.571516889017
Greece,Hungary,908.6702913196347
Croatia,Hungary,225.86789493868835
Austria,Ireland,1729.1155426297853
Bosnia H,Ireland,2158.0412847336183
Belgium,Ireland,924.1568080296785
Bulgaria,Ireland,2731.797122934742
Switzerland,Ireland,1370.7470188369239
Czech R,Ireland,1656.885829554844
Germany,Ireland,1307.5390872433766
Denmark,Ireland,1178.3862710646592
Estonia,Ireland,2166.4780650581665
Spain,Ireland,1511.3549020323294
Finland,Ireland,2334.6740804750657
France,Ireland,1055.6479976732792
Great Brit.,Ireland,470.36243326299075
Greece,Ireland,2771.3219483598573
Croatia,Ireland,1988.514247927207
Hungary,Ireland,2043.4841111711444
Austria,Italy,433.6641423016569
Bosnia H,Italy,548.3909815741084
Belgium,Italy,852.2100811757739
Bulgaria,Italy,1170.391844100207
Switzerland,Italy,347.5594238432084
Czech R,Italy,684.5304718470106
Germany,Italy,739.5547051445506
Denmark,Italy,1316.3237802933243
Estonia,Italy,1875.3288433090158
Spain,Italy,1260.8291997194783
Finland,Italy,2389.6752951507638
France,Italy,711.3908635644607
Great Brit.,Italy,1293.3302912291244
Greece,Italy,1076.175979962986
Croatia,Italy,471.86990784498767
Hungary,Italy,676.0734980799465
Ireland,Italy,1712.0529884577488
Austria,Lithuania,1103.649549627165
Bosnia H,Lithuania,1332.681626507371
Belgium,Lithuania,1405.1431229942525
Bulgaria,Lithuania,1410.5816855685835
Switzerland,Lithuania,1461.9008317976318
Czech R,Lithuania,861.0778554061304
Germany,Lithuania,1025.6513704522945
Denmark,Lithuania,942.8630291553785
Estonia,Lithuania,395.73194882927373
Spain,Lithuania,2628.1445656636974
Finland,Lithuania,972.6531151571909
France,Lithuania,1785.8973890438954
Great Brit.,Lithuania,1689.3612962780785
Greece,Lithuania,1813.1034117187357
Croatia,Lithuania,1204.157951136494
Hungary,Lithuania,998.7136531921757
Ireland,Lithuania,2113.9117473983442
Italy,Lithuania,1535.8514754930864
Austria,Luxemb.,664.1131047967197
Bosnia H,Luxemb.,1091.408118382347
Belgium,Luxemb.,153.7969690664941
Bulgaria,Luxemb.,1666.939554208331
Switzerland,Luxemb.,360.26484942954806
Czech R,Luxemb.,647.6401298352952
Germany,Luxemb.,346.2854373063325
Denmark,Luxemb.,746.0444807903701
Estonia,Luxemb.,1594.3263046918605
Spain,Luxemb.,1295.5903780611786
Finland,Luxemb.,2001.1093052208296
France,Luxemb.,431.4870307102749
Great Brit.,Luxemb.,614.5715367132507
Greece,Luxemb.,1715.0487094692564
Croatia,Luxemb.,920.3288157048916
Hungary,Luxemb.,989.137997396434
Ireland,Luxemb.,1068.1955861117412
Italy,Luxemb.,700.6312036054294
Lithuania,Luxemb.,1368.023664983692
Austria,Latvia,1293.5138256455862
Bosnia H,Latvia,1527.8802035537647
Belgium,Latvia,1538.3110081692348
Bulgaria,Latvia,1583.087158673266
Switzerland,Latvia,1634.7509786719568
Czech R,Latvia,1044.599698597668
Germany,Latvia,1179.7466502440125
Denmark,Latvia,1011.0124465106464
Estonia,Latvia,218.0563990098827
Spain,Latvia,2791.2289403941254
Finland,Latvia,791.3186320073344
France,Latvia,1940.144527404763
Great Brit.,Latvia,1784.894787287517
Greece,Latvia,1998.3589063962163
Croatia,Latvia,1399.5919244781655
Hungary,Latvia,1194.1529856978752
Ireland,Latvia,2189.2830975386446
Italy,Latvia,1724.1653641172725
Lithuania,Latvia,195.58864616654955
Luxemb.,Latvia,1515.3062045891443
Austria,Macedonia,873.1184366573202
Bosnia H,Macedonia,422.167448955281
Belgium,Macedonia,1662.8438261699623
Bulgaria,Macedonia,321.41465955419494
Switzerland,Macedonia,1228.939257532801
Czech R,Macedonia,1055.5480983005334
Germany,Macedonia,1356.775952878178
Denmark,Macedonia,1858.5030249724803
Estonia,Macedonia,1938.6685319837538
Spain,Macedonia,2104.9205696909057
Finland,Macedonia,2515.479598135977
France,Macedonia,1637.155709826357
Great Brit.,Macedonia,2126.8555254591506
Greece,Macedonia,272.16096839377457
Croatia,Macedonia,601.3122997255135
Hungary,Macedonia,645.7458853421608
Ireland,Macedonia,2579.924273825384
Italy,Macedonia,930.335763852049
Lithuania,Macedonia,1542.9565263567292
Luxemb.,Macedonia,1513.574610163388
Latvia,Macedonia,1729.5106985996688
Austria,Netherlands,825.1394589952444
Bosnia H,Netherlands,1279.4728393279229
Belgium,Netherlands,171.90534425748083
Bulgaria,Netherlands,1813.5774282699788
Switzerland,Netherlands,623.4417082370011
Czech R,Netherlands,717.8741712719734
Germany,Netherlands,368.33587575939987
Denmark,Netherlands,510.1847425663019
Estonia,Netherlands,1444.1681531427218
Spain,Netherlands,1496.0135174153809
Finland,Netherlands,1798.9382569847694
France,Netherlands,643.9586034713919
Great Brit.,Netherlands,470.6041044428973
Greece,Netherlands,1917.9258787292392
Croatia,Netherlands,1096.178612667708
Hungary,Netherlands,1116.9673980076736
Ireland,Netherlands,940.3297819682234
Italy,Netherlands,951.8650638036277
Lithuania,Netherlands,1276.2518715599854
Luxemb.,Netherlands,270.24394918528
Latvia,Netherlands,1398.1267234248833
Macedonia,Netherlands,1697.4837649115887
Austria,NO1,1428.393291716836
Bosnia H,NO1,1848.0804664087343
Belgium,NO1,1116.628887062373
Bulgaria,NO1,2177.2240090603527
Switzerland,NO1,1490.7310414767971
Czech R,NO1,1173.3598557354358
Germany,NO1,1010.3927453174778
Denmark,NO1,447.8135245099127
Estonia,NO1,837.1051635016238
Spain,NO1,2429.830804423831
Finland,NO1,938.5153499280565
France,NO1,1588.7094862381657
Great Brit.,NO1,1113.4475003604418
Greece,NO1,2461.7128892713404
Croatia,NO1,1664.6468759449735
Hungary,NO1,1553.0760236778267
Ireland,NO1,1400.8111308315029
Italy,NO1,1749.1469603139944
Lithuania,NO1,962.6966157760419
Luxemb.,NO1,1192.0516234578636
Latvia,NO1,940.8244315533442
Macedonia,NO1,2197.32559304366
Netherlands,NO1,945.2087220102852
Austria,NO2,1372.1438528758965
Bosnia H,NO2,1813.845216812443
Belgium,NO2,945.9890760895504
Bulgaria,NO2,2200.4751578685796
Switzerland,NO2,1364.3566855977826
Czech R,NO2,1137.6037940997978
Germany,NO2,915.0377519843776
Denmark,NO2,339.711489890132
Estonia,NO2,1031.6934419514114
Spain,NO2,2238.6510801940235
Finland,NO2,1164.072720193771
France,NO2,1413.7029792526355
Great Brit.,NO2,894.7858397474193
Greece,NO2,2444.3255524240094
Croatia,NO2,1625.57830181281
Hungary,NO2,1542.6695059882964
Ireland,NO2,1175.6965802804261
Italy,NO2,1649.8652196315857
Lithuania,NO2,1098.1599438807539
Luxemb.,NO2,1040.3165944419322
Latvia,NO2,1108.141696670159
Macedonia,NO2,2187.4578490211584
Netherlands,NO2,778.8252401112846
NO1,NO2,225.83688044446882
Austria,NO3,1756.5466591155846
Bosnia H,NO3,2168.4370623820137
Belgium,NO3,1426.4330451922071
Bulgaria,NO3,2465.641377012648
Switzerland,NO3,1819.8563706774667
Czech R,NO3,1497.6000080137565
Germany,NO3,1342.5505643732852
Denmark,NO3,774.9332568792034
Estonia,NO3,928.7047434512415
Spain,NO3,2721.768556984285
Finland,NO3,812.2501019042024
France,NO3,1896.072873812848
Great Brit.,NO3,1358.0065657908042
Greece,NO3,2772.841723227482
Croatia,NO3,1987.3554207057298
Hungary,NO3,1865.1405430157506
Ireland,NO3,1569.130580461383
Italy,NO3,2081.446517857065
Lithuania,NO3,1162.5504789106972
Luxemb.,NO3,1512.3629355211506
Latvia,NO3,1088.895281820991
Macedonia,NO3,2505.62763596446
Netherlands,NO3,1257.1610302457718
NO1,NO3,332.31126119813683
NO2,NO3,483.7719376669319
Austria,NO4,2320.744881936868
Bosnia H,NO4,2695.837972570497
Belgium,NO4,2068.7176706471687
Bulgaria,NO4,2896.646315761596
Switzerland,NO4,2440.7365397564686
Czech R,NO4,2051.0759515442387
Germany,NO4,1949.583343004502
Denmark,NO4,1403.2238007129542
Estonia,NO4,1135.5289605775472
Spain,NO4,3367.3022932898843
Finland,NO4,661.7991700944692
France,NO4,2539.622615665309
Great Brit.,NO4,1994.149702304227
Greece,NO4,3261.4253477212305
Croatia,NO4,2525.950040537201
Hungary,NO4,2372.648730379085
Ireland,NO4,2158.6344594570933
Italy,NO4,2679.6144350071822
Lithuania,NO4,1495.3718088690562
Luxemb.,NO4,2148.0637229029116
Latvia,NO4,1349.269464664888
Macedonia,NO4,2989.5131837452213
Netherlands,NO4,1898.3020621956573
NO1,NO4,956.0267809297613
NO2,NO4,1129.3046118308353
NO3,NO4,645.6361823235038
Austria,NO5,1563.336341487682
Bosnia H,NO5,2002.8826910525347
Belgium,NO5,1118.4609093397344
Bulgaria,NO5,2376.076208023337
Switzerland,NO5,1551.5030969401714
Czech R,NO5,1325.8252026920795
Germany,NO5,1107.0681041282105
Denmark,NO5,531.7010044177218
Estonia,NO5,1084.9359627129638
Spain,NO5,2388.680290761752
Finland,NO5,1117.3989431477403
France,NO5,1580.2089291159966
Great Brit.,NO5,1010.6926660159123
Greece,NO5,2630.9473998573694
Croatia,NO5,1815.1179876235287
Hungary,NO5,1726.7691504810182
Ireland,NO5,1227.373527897702
Italy,NO5,1840.9591953522754
Lithuania,NO5,1211.3629789162985
Luxemb.,NO5,1221.0385672268576
Latvia,NO5,1193.4371975888855
Macedonia,NO5,2372.2883849274253
Netherlands,NO5,955.3280912518985
NO1,NO5,252.61603795772245
NO2,NO5,192.19103063043477
NO3,NO5,349.6908875582351
NO4,NO5,984.525351680527
Austria,Poland,630.2320276604728
Bosnia H,Poland,908.0863470564344
Belgium,Poland,1036.1085961501815
Bulgaria,Poland,1145.0881146187728
Switzerland,Poland,1003.0423783100624
Czech R,Poland,390.51449743733394
Germany,Poland,621.2353326470015
Denmark,Poland,795.8630091801991
Estonia,Poland,828.9158926743906
Spain,Poland,2179.28442438064
Finland,Poland,1380.0345760139455
France,Poland,1358.868667022315
Great Brit.,Poland,1402.2690719899028
Greece,Poland,1464.1243929749164
Croatia,Poland,756.5771630574513
Hungary,Poland,576.5678594819815
Ireland,Poland,1861.1383695889765
Italy,Poland,1061.7243520728564
Lithuania,Poland,474.22272535720566
Luxemb.,Poland,965.4183574617928
Latvia,Poland,663.3053722198578
Macedonia,Poland,1193.1738273123356
Netherlands,Poland,943.3147819722956
NO1,Poland,1032.7962058132223
NO2,Poland,1074.1651798720522
NO3,Poland,1323.0002688024113
NO4,Poland,1799.8942964290306
NO5,Poland,1240.2795568564648
Austria,Portugal,2050.3453456994885
Bosnia H,Portugal,2242.4327561151763
Belgium,Portugal,1620.8096515940572
Bulgaria,Portugal,2849.0303119534824
Switzerland,Portugal,1579.750841461951
Czech R,Portugal,2189.2891553605705
Germany,Portugal,1965.2948360399007
Denmark,Portugal,2277.7238349727163
Estonia,Portugal,3215.6109218993397
Spain,Portugal,463.10859582672987
Finland,Portugal,3574.1153098314007
France,Portugal,1205.2822403854057
Great Brit.,Portugal,1581.5984163933958
Greece,Portugal,2616.7392281295793
Croatia,Portugal,2174.096010812577
Hungary,Portugal,2360.8496145480535
Ireland,Portugal,1541.5395470016297
Italy,Portugal,1704.7278191025691
Lithuania,Portugal,2990.826905780617
Luxemb.,Portugal,1626.7778116152372
Latvia,Portugal,3142.0068813834155
Macedonia,Portugal,2566.2534946302944
Netherlands,Portugal,1781.8365479719535
NO1,Portugal,2672.29886807564
NO2,Portugal,2464.0968572566608
NO3,Portugal,2937.2176102505855
NO4,Portugal,3575.6641270882233
NO5,Portugal,2591.6358857434625
Poland,Portugal,2560.882435925322
Austria,Romania,821.682876897277
Bosnia H,Romania,605.1606508403137
Belgium,Romania,1593.8629937963517
Bulgaria,Romania,370.210622208215
Switzerland,Romania,1294.980645487581
Czech R,Romania,852.6756852268102
Germany,Romania,1201.9314313965954
Denmark,Romania,1574.22846270101
Estonia,Romania,1429.8428046671397
Spain,Romania,2374.7556616496295
Finland,Romania,2005.1540476211526
France,Romania,1727.2584845000695
Great Brit.,Romania,2037.366497996009
Greece,Romania,810.4451397384041
Croatia,Romania,644.5408498979573
Hungary,Romania,485.2029057682457
Ireland,Romania,2507.518204547127
Italy,Romania,1114.4655553691089
Lithuania,Romania,1040.3728437550706
Luxemb.,Romania,1467.2585620489435
Latvia,Romania,1213.8764879102578
Macedonia,Romania,561.4808626981343
Netherlands,Romania,1570.244756770823
NO1,Romania,1831.0868405574072
NO2,Romania,1871.0404816410205
NO3,Romania,2110.008478563108
NO4,Romania,2527.7850527290893
NO5,Romania,2040.1317883053373
Poland,Romania,800.1693306700417
Portugal,Romania,2818.4372221602457
Austria,Serbia,600.4570478920639
Bosnia H,Serbia,228.40033424690438
Belgium,Serbia,1404.7463181968176
Bulgaria,Serbia,411.5202116239739
Switzerland,Serbia,1016.6168271727785
Czech R,Serbia,753.1906302974743
Germany,Serbia,1069.3934686190091
Denmark,Serbia,1552.7347855616863
Estonia,Serbia,1652.9498836908042
Spain,Serbia,2018.44846211798
Finland,Serbia,2227.4676329919002
France,Serbia,1443.9227060967028
Great Brit.,Serbia,1866.7346737404896
Greece,Serbia,578.7781829366456
Croatia,Serbia,344.6462913201398
Hungary,Serbia,336.7384209427272
Ireland,Serbia,2328.4300002754962
Italy,Serbia,772.8750206298979
Lithuania,Serbia,1258.1290466682863
Luxemb.,Serbia,1261.0877987649671
Latvia,Serbia,1449.0749502082112
Macedonia,Serbia,310.66884835269275
Netherlands,Serbia,1421.9147393386559
NO1,Serbia,1886.7113925596693
NO2,Serbia,1879.4057648088155
NO3,Serbia,2195.1819708118655
NO4,Serbia,2685.195256560443
NO5,Serbia,2063.3066444206747
Poland,Serbia,886.1480794035881
Portugal,Serbia,2470.58932372467
Romania,Serbia,393.0336532832326
Austria,Sweden,1693.8685479072751
Bosnia H,Sweden,2076.14809067371
Belgium,Sweden,1486.7580207153476
Bulgaria,Sweden,2316.8240004843724
Switzerland,Sweden,1825.160992701524
Czech R,Sweden,1424.8490816559654
Germany,Sweden,1328.941680331478
Denmark,Sweden,806.3326037442744
Estonia,Sweden,685.4869897023926
Spain,Sweden,2806.761780384481
Finland,Sweden,581.6363714269743
France,Sweden,1958.4509139466024
Great Brit.,Sweden,1494.487892919768
Greece,Sweden,2656.2321314654187
Croatia,Sweden,1903.1705358412098
Hungary,Sweden,1757.8494625861347
Ireland,Sweden,1757.8365161526096
Italy,Sweden,2054.254555740005
Lithuania,Sweden,959.6411802400753
Luxemb.,Sweden,1549.9835330444146
Latvia,Sweden,861.7433325478358
Macedonia,Sweden,2385.4952559053963
Netherlands,Sweden,1314.8579595648052
NO1,Sweden,383.02351256504926
NO2,Sweden,600.4791545025992
NO3,Sweden,257.05019893489515
NO4,Sweden,627.2537227444523
NO5,Sweden,535.8836201838152
Poland,Sweden,1192.335824124339
Portugal,Sweden,3055.0918315409003
Romania,Sweden,1953.1166479155434
Serbia,Sweden,2077.7676636103934
Austria,Slovenia,156.2641714728617
Bosnia H,Slovenia,329.0614953018483
Belgium,Slovenia,912.1405087317419
Bulgaria,Slovenia,918.1518144612653
Switzerland,Slovenia,513.4234539173608
Czech R,Slovenia,423.25274289610644
Germany,Slovenia,633.466128331333
Denmark,Slovenia,1187.4784350255252
Estonia,Slovenia,1583.2297459290755
Spain,Slovenia,1599.2684901386317
Finland,Slovenia,2122.539193470373
France,Slovenia,944.8575361594428
Great Brit.,Slovenia,1376.1564135475096
Greece,Slovenia,965.9528073799873
Croatia,Slovenia,162.42242812732712
Hungary,Slovenia,329.22978842647257
Ireland,Slovenia,1831.3671208470328
Italy,Slovenia,350.0288111361206
Lithuania,Slovenia,1222.8262551082248
Luxemb.,Slovenia,763.6124077331177
Latvia,Slovenia,1415.8093879718192
Macedonia,Slovenia,750.7649299716644
Netherlands,Slovenia,952.2450076745018
NO1,Slovenia,1584.6510535572672
NO2,Slovenia,1526.8973623955349
NO3,Slovenia,1912.680487308178
NO4,Slovenia,2474.13979143032
NO5,Slovenia,1718.3361626929398
Poland,Slovenia,755.2171502092951
Portugal,Slovenia,2033.7782653242093
Romania,Slovenia,792.1458388477832
Serbia,Slovenia,506.8326132110727
Sweden,Slovenia,1847.629576467664
Austria,Slovakia,391.5480146798675
Bosnia H,Slovakia,527.4646882428661
Belgium,Slovakia,1088.1080460013545
Bulgaria,Slovakia,809.3761676842234
Switzerland,Slovakia,865.1602767041104
Czech R,Slovakia,336.34009135451646
Germany,Slovakia,685.8207029366694
Denmark,Slovakia,1079.6828315790194
Estonia,Slovakia,1192.225071097309
Spain,Slovakia,2022.4973393913826
Finland,Slovakia,1756.640250111379
France,Slovakia,1282.4304291552255
Great Brit.,Slovakia,1522.8642791015525
Greece,Slovakia,1081.7505680898712
Croatia,Slovakia,399.04580083917904
Hungary,Slovakia,192.3482135614598
Ireland,Slovakia,1993.2249184585987
Italy,Slovakia,800.2013363486107
Lithuania,Slovakia,808.5811856388403
Luxemb.,Slovakia,971.4650002269747
Latvia,Slovakia,1004.1614210353714
Macedonia,Slovakia,812.8730446864053
Netherlands,Slovakia,1053.9469256869925
NO1,Slovakia,1388.00667823454
NO2,Slovakia,1394.704513201198
NO3,Slovakia,1693.030874088789
NO4,Slovakia,2186.7602045084946
NO5,Slovakia,1574.0050243246544
Poland,Slovakia,387.4090199502393
Portugal,Slovakia,2440.639946742081
Romania,Slovakia,518.4748894405078
Serbia,Slovakia,503.0176604928721
Sweden,Slovakia,1575.7742924802549
Slovenia,Slovakia,453.6615282594427
Austria,Moray Firth,1671.0193992661348
Bosnia H,Moray Firth,2131.0803314459126
Belgium,Moray Firth,972.3174959515276
Bulgaria,Moray Firth,2616.839621001342
Switzerland,Moray Firth,1479.0789404071681
Czech R,Moray Firth,1501.7201042701668
Germany,Moray Firth,1183.8794838891636
Denmark,Moray Firth,775.0334915555088
Estonia,Moray Firth,1642.1786899663864
Spain,Moray Firth,2027.6472632659154
Finland,Moray Firth,1716.006516383368
France,Moray Firth,1340.7508524748073
Great Brit.,Moray Firth,630.6294253874102
Greece,Moray Firth,2773.6811988313398
Croatia,Moray Firth,1943.0684874691922
Hungary,Moray Firth,1923.0465815440793
Ireland,Moray Firth,662.6782484625558
Italy,Moray Firth,1817.8209469194123
Lithuania,Moray Firth,1685.6638886927092
Luxemb.,Moray Firth,1119.1014050997594
Latvia,Moray Firth,1713.303051901762
Macedonia,Moray Firth,2540.4638232828524
Netherlands,Moray Firth,870.0437404171416
NO1,Moray Firth,816.1095650391931
NO2,Moray Firth,610.6044821781153
NO3,Moray Firth,922.7940786834415
NO4,Moray Firth,1496.2935610985353
NO5,Moray Firth,599.3402298671349
Poland,Moray Firth,1567.2339795278092
Portugal,Moray Firth,2146.434769569911
Romania,Moray Firth,2325.5541626975314
Serbia,Moray Firth,2249.0495564858375
Sweden,Moray Firth,1134.3933779594763
Slovenia,Moray Firth,1809.683069958805
Slovakia,Moray Firth,1814.696647188939
Austria,Firth of Forth,1505.1889404961107
Bosnia H,Firth of Forth,1963.291387250812
Belgium,Firth of Forth,773.7816555818297
Bulgaria,Firth of Forth,2472.505608037866
Switzerland,Firth of Forth,1282.0539797105616
Czech R,Firth of Forth,1357.0328409885853
Germany,Firth of Forth,1024.3184381311207
Denmark,Firth of Forth,701.9962583721895
Estonia,Firth of Forth,1648.9202321297282
Spain,Firth of Forth,1823.9045748795413
Finland,Firth of Forth,1792.0485572505868
France,Firth of Forth,1129.3044270361775
Great Brit.,Firth of Forth,419.9917669783528
Greece,Firth of Forth,2603.802313358292
Croatia,Firth of Forth,1777.5405554365432
Hungary,Firth of Forth,1774.8122926853541
Ireland,Firth of Forth,542.7593966102268
Italy,Firth of Forth,1624.469386569285
Lithuania,Firth of Forth,1641.9871344674782
Luxemb.,Firth of Forth,923.8733177617395
Latvia,Firth of Forth,1693.4567771537502
Macedonia,Firth of Forth,2378.05773461177
Netherlands,Firth of Forth,687.4785069975161
NO1,Firth of Forth,860.2859394366365
NO2,Firth of Forth,636.5784358392917
NO3,Firth of Forth,1032.5697364070595
NO4,Firth of Forth,1641.1179921969779
NO5,Firth of Forth,686.9333171795263
Poland,Firth of Forth,1467.0677654211263
Portugal,Firth of Forth,1960.7371027074373
Romania,Firth of Forth,2197.318694096965
Serbia,Firth of Forth,2093.707703554878
Sweden,Firth of Forth,1215.1952681821856
Slovenia,Firth of Forth,1637.8635164243794
Slovakia,Firth of Forth,1680.8424709626584
Moray Firth,Firth of Forth,211.8534350769104
Austria,Dogger Bank,1178.548197699344
Bosnia H,Dogger Bank,1637.430709025853
Belgium,Dogger Bank,485.9026189428046
Bulgaria,Dogger Bank,2145.585384083486
Switzerland,Dogger Bank,985.3781697366975
Czech R,Dogger Bank,1030.970648694223
Germany,Dogger Bank,696.5881471210236
Denmark,Dogger Bank,461.53628911695614
Estonia,Dogger Bank,1462.1878434906653
Spain,Dogger Bank,1694.1782333542462
Finland,Dogger Bank,1703.2390012829005
France,Dogger Bank,908.7171963577828
Great Brit.,Dogger Bank,341.46030127081843
Greece,Dogger Bank,2278.8682252485223
Croatia,Dogger Bank,1450.9743810110942
Hungary,Dogger Bank,1447.6025896512692
Ireland,Dogger Bank,721.1614491554197
Italy,Dogger Bank,1319.9846331844565
Lithuania,Dogger Bank,1392.7707589243173
Luxemb.,Dogger Bank,625.4165393625575
Latvia,Dogger Bank,1471.3715662348422
Macedonia,Dogger Bank,2051.0365120323286
Netherlands,Dogger Bank,369.8227510759152
NO1,Dogger Bank,774.6562317069516
NO2,Dogger Bank,560.4065918714422
NO3,Dogger Bank,1035.0963247604618
NO4,Dogger Bank,1678.1151064343308
NO5,Dogger Bank,695.2656310653009
Poland,Dogger Bank,1165.2563792122717
Portugal,Dogger Bank,1904.1314083453497
Romania,Dogger Bank,1875.2538851438246
Serbia,Dogger Bank,1765.9802210443702
Sweden,Dogger Bank,1157.0133610347484
Slovenia,Dogger Bank,1313.31434250522
Slovakia,Dogger Bank,1357.5665647260057
Moray Firth,Dogger Bank,500.36311198834716
Firth of Forth,Dogger Bank,327.73253868424405
Austria,Hornsea,1137.532849518739
Bosnia H,Hornsea,1592.159150438414
Belgium,Hornsea,395.7429604260557
Bulgaria,Hornsea,2121.2951987053307
Switzerland,Hornsea,903.0846190114488
Czech R,Hornsea,1014.8630268513439
Germany,Hornsea,669.5700786623395
Denmark,Hornsea,541.6456921825364
Estonia,Hornsea,1544.662058025713
Spain,Hornsea,1576.053255209911
Finland,Hornsea,1808.1895673531917
France,Hornsea,796.7149707654203
Great Brit.,Hornsea,246.38132252340003
Greece,Hornsea,2230.071100531475
Croatia,Hornsea,1408.8257882089588
Hungary,Hornsea,1423.3174884353637
Ireland,Hornsea,674.8280766350179
Italy,Hornsea,1244.119085245173
Lithuania,Hornsea,1450.14426207282
Luxemb.,Hornsea,543.7987509637547
Latvia,Hornsea,1540.7525444212433
Macedonia,Hornsea,2010.1380335417039
Netherlands,Hornsea,312.72349762470725
NO1,Hornsea,885.6754130514547
NO2,Hornsea,675.1101704457558
NO3,Hornsea,1152.14571307953
NO4,Hornsea,1795.7073043265486
NO5,Hornsea,813.2914411539682
Poland,Hornsea,1187.786050606121
Portugal,Hornsea,1789.0434913085774
Romania,Hornsea,1866.2270632710727
Serbia,Hornsea,1732.936455343269
Sweden,Hornsea,1268.6258846380128
Slovenia,Hornsea,1264.6901377415786
Slovakia,Hornsea,1347.8449637526612
Moray Firth,Hornsea,576.5783814991162
Firth of Forth,Hornsea,380.74163389534914
Dogger Bank,Hornsea,118.13127054682693
Austria,Outer Dowsing,1162.3342078493224
Bosnia H,Outer Dowsing,1611.82496527981
Belgium,Outer Dowsing,387.0737661832508
Bulgaria,Outer Dowsing,2154.8066158057745
Switzerland,Outer Dowsing,893.6693722017455
Czech R,Outer Dowsing,1057.3494201656233
Germany,Outer Dowsing,708.58168293976
Denmark,Outer Dowsing,625.5145284298532
Estonia,Outer Dowsing,1627.9963487469738
Spain,Outer Dowsing,1505.5599195820203
Finland,Outer Dowsing,1892.7361072200092
France,Outer Dowsing,747.7960750554112
Great Brit.,Outer Dowsing,163.94010361523453
Greece,Outer Dowsing,2245.5994817499554
Croatia,Outer Dowsing,1431.4864305530107
Hungary,Outer Dowsing,1458.5384385326026
Ireland,Outer Dowsing,611.0885796154015
Italy,Outer Dowsing,1238.9779910276332
Lithuania,Outer Dowsing,1526.7411068605118
Luxemb.,Outer Dowsing,540.251648239292
Latvia,Outer Dowsing,1620.9997888922312
Macedonia,Outer Dowsing,2032.08163741911
Netherlands,Outer Dowsing,341.6067730080126
NO1,Outer Dowsing,968.4146874045832
NO2,Outer Dowsing,755.5854451031541
NO3,Outer Dowsing,1229.628296264545
NO4,Outer Dowsing,1871.7159236361204
NO5,Outer Dowsing,887.753283209361
Poland,Outer Dowsing,1250.5993624070795
Portugal,Outer Dowsing,1708.9156429707211
Romania,Outer Dowsing,1910.0210055479897
Serbia,Outer Dowsing,1761.1986086754828
Sweden,Outer Dowsing,1351.167940929806
Slovenia,Outer Dowsing,1283.0322370928393
Slovakia,Outer Dowsing,1392.6086847931515
Moray Firth,Outer Dowsing,600.5231507661583
Firth of Forth,Outer Dowsing,393.6503082576527
Dogger Bank,Outer Dowsing,195.24214898399325
Hornsea,Outer Dowsing,84.99523266145053
Austria,Norfolk,1058.7972038400767
Bosnia H,Norfolk,1507.748032762905
Belgium,Norfolk,286.45876563127194
Bulgaria,Norfolk,2052.726012945285
Switzerland,Norfolk,794.5733073161094
Czech R,Norfolk,959.392235631241
Germany,Norfolk,609.9238705854405
Denmark,Norfolk,594.666073581918
Estonia,Norfolk,1588.1311268689738
Spain,Norfolk,1470.261476792733
Finland,Norfolk,1882.1408610970727
France,Norfolk,679.1505171269098
Great Brit.,Norfolk,234.61517354228087
Greece,Norfolk,2141.5154723348246
Croatia,Norfolk,1327.6269794245284
Hungary,Norfolk,1357.2155085767436
Ireland,Norfolk,700.8472782952241
Italy,Norfolk,1138.5550103170087
Lithuania,Norfolk,1464.7087271124058
Luxemb.,Norfolk,438.51492316650837
Latvia,Norfolk,1568.458081171144
Macedonia,Norfolk,1928.1025403990511
Netherlands,Norfolk,241.6255101779746
NO1,Norfolk,973.0477515885867
NO2,Norfolk,770.8416498855953
NO3,Norfolk,1252.402733860282
NO4,Norfolk,1897.5561611279063
NO5,Norfolk,919.0439821274344
Poland,Norfolk,1167.7482271704257
Portugal,Norfolk,1699.7575620474952
Romania,Norfolk,1811.852584586952
Serbia,Norfolk,1658.0361914776895
Sweden,Norfolk,1355.5288331419745
Slovenia,Norfolk,1178.9301937298678
Slovakia,Norfolk,1295.3278171064808
Moray Firth,Norfolk,689.7824666116796
Firth of Forth,Norfolk,487.9870336470004
Dogger Bank,Norfolk,230.35929016238032
Hornsea,Norfolk,118.46659493495402
Outer Dowsing,Norfolk,104.12510002802348
Austria,East Anglia,1032.1678750471162
Bosnia H,East Anglia,1471.888729693253
Belgium,East Anglia,231.62903777526353
Bulgaria,East Anglia,2033.0190266595744
Switzerland,East Anglia,728.4889059250936
Czech R,East Anglia,958.8917539101886
Germany,East Anglia,611.3043016993145
Denmark,East Anglia,679.3389520719247
Estonia,East Anglia,1661.9744277023428
Spain,East Anglia,1368.762876942315
Finland,East Anglia,1972.5607379336734
France,East Anglia,580.4760022970212
Great Brit.,East Anglia,234.1544979210609
Greece,East Anglia,2099.022431498635
Croatia,East Anglia,1296.367382142384
Hungary,East Anglia,1342.6084064773238
Ireland,East Anglia,701.0914724721822
Italy,East Anglia,1075.4773427806497
Lithuania,East Anglia,1519.6571770874484
Luxemb.,East Anglia,384.39255916661864
Latvia,East Anglia,1632.1710279121087
Macedonia,East Anglia,1893.7850941651157
Netherlands,East Anglia,254.31883615596507
NO1,East Anglia,1070.3807562221166
NO2,East Anglia,871.0527125358815
NO3,East Anglia,1353.337754614523
NO4,East Anglia,1998.698143807667
NO5,East Anglia,1021.0193337926785
Poland,East Anglia,1197.6176311476897
Portugal,East Anglia,1604.7264842041216
Romania,East Anglia,1807.306248303731
Serbia,East Anglia,1632.5842929533214
Sweden,East Anglia,1452.1790300876544
Slovenia,East Anglia,1143.0203611817944
Slovakia,East Anglia,1294.9261438511132
Moray Firth,East Anglia,773.6869477363546
Firth of Forth,East Anglia,566.4640885420121
Dogger Bank,East Anglia,331.76433938438606
Hornsea,East Anglia,216.76838288596576
Outer Dowsing,East Anglia,173.180667988704
Norfolk,East Anglia,102.15365450092688
Austria,Borssele,952.9452707815503
Bosnia H,Borssele,1397.9519341551193
Belgium,Borssele,170.04088600325676
Bulgaria,Borssele,1951.2335765259404
Switzerland,Borssele,678.2407773744769
Czech R,Borssele,870.2257528760205
Germany,Borssele,521.7147011854235
Denmark,Borssele,614.6192937748219
Estonia,Borssele,1584.4574917526638
Spain,Borssele,1407.075150685092
Finland,Borssele,1910.9420290168957
France,Borssele,587.7272447289063
Great Brit.,Borssele,317.4737240073397
Greece,Borssele,2029.4082567779967
Croatia,Borssele,1219.7496970441703
Hungary,Borssele,1258.5075327605916
Ireland,Borssele,787.3594510249837
Italy,Borssele,1022.1441071673169
Lithuania,Borssele,1432.8774697833248
Luxemb.,Borssele,322.3372705893328
Latvia,Borssele,1548.8498582354737
Macedonia,Borssele,1819.128257601161
Netherlands,Borssele,162.98304109195428
NO1,Borssele,1023.2624485937014
NO2,Borssele,833.7797806930153
NO3,Borssele,1317.5517078276434
NO4,Borssele,1963.0237395636516
NO5,Borssele,994.2040355585405
Poland,Borssele,1106.2884287896704
Portugal,Borssele,1663.1938205344093
Romania,Borssele,1720.1602168100583
Serbia,Borssele,1553.2198763035678
Sweden,Borssele,1402.3497624860177
Slovenia,Borssele,1068.902070751757
Slovakia,Borssele,1206.4903169880586
Moray Firth,Borssele,804.096720639417
Firth of Forth,Borssele,603.9898794392485
Dogger Bank,Borssele,327.6343696740021
Hornsea,Borssele,228.19197064511204
Outer Dowsing,Borssele,218.17084119973808
Norfolk,Borssele,116.42603019619742
East Anglia,Borssele,91.46925424224034
Austria,Hollandsee Kust,932.5027531085942
Bosnia H,Hollandsee Kust,1384.4265228060635
Belgium,Hollandsee Kust,199.43530661363664
Bulgaria,Hollandsee Kust,1923.7032335362487
Switzerland,Hollandsee Kust,698.1574565780121
Czech R,Hollandsee Kust,828.8674085063541
Germany,Hollandsee Kust,479.3865835896053
Denmark,Hollandsee Kust,535.7262184372712
Estonia,Hollandsee Kust,1505.9037748136452
Spain,Hollandsee Kust,1481.0118193265255
Finland,Hollandsee Kust,1832.125932142566
France,Hollandsee Kust,650.9728496200347
Great Brit.,Hollandsee Kust,361.5083711710275
Greece,Hollandsee Kust,2020.858596486575
Croatia,Hollandsee Kust,1202.588206244732
Hungary,Hollandsee Kust,1227.5476481677463
Ireland,Hollandsee Kust,830.2827876810788
Italy,Hollandsee Kust,1035.9606442210427
Lithuania,Hollandsee Kust,1359.759860638026
Luxemb.,Hollandsee Kust,337.90157258672554
Latvia,Hollandsee Kust,1472.7722071672358
Macedonia,Hollandsee Kust,1803.6698500068642
Netherlands,Hollandsee Kust,111.11190214194015
NO1,Hollandsee Kust,948.833581618897
NO2,Hollandsee Kust,764.0678860622317
NO3,Hollandsee Kust,1247.4974819610768
NO4,Hollandsee Kust,1892.4474246447276
NO5,Hollandsee Kust,929.3982094903167
Poland,Hollandsee Kust,1044.9318268469153
Portugal,Hollandsee Kust,1741.9992264241873
Romania,Hollandsee Kust,1681.315444317725
Serbia,Hollandsee Kust,1530.6298884317882
Sweden,Hollandsee Kust,1326.5994445237488
Slovenia,Hollandsee Kust,1056.2388649646055
Slovakia,Hollandsee Kust,1164.846010227759
Moray Firth,Hollandsee Kust,781.9599197178321
Firth of Forth,Hollandsee Kust,590.9417362690709
Dogger Bank,Hollandsee Kust,288.14310985797306
Hornsea,Hollandsee Kust,210.77368704164437
Outer Dowsing,Hollandsee Kust,231.10379619939616
Norfolk,Hollandsee Kust,130.53733557925278
East Anglia,Hollandsee Kust,159.94504677765514
Borssele,Hollandsee Kust,79.47352751897245
Austria,Helgoländer Bucht,918.3286103565598
Bosnia H,Helgoländer Bucht,1377.2760016438954
Belgium,Helgoländer Bucht,439.01480687789905
Bulgaria,Helgoländer Bucht,1851.0751029958196
Switzerland,Helgoländer Bucht,839.9029244681332
Czech R,Helgoländer Bucht,735.6992846381542
Germany,Helgoländer Bucht,431.2948116848167
Denmark,Helgoländer Bucht,244.00584236077802
Estonia,Helgoländer Bucht,1214.7550136479492
Spain,Helgoländer Bucht,1761.9256603957513
Finland,Helgoländer Bucht,1538.3657628015733
France,Helgoländer Bucht,910.8752683107947
Great Brit.,Helgoländer Bucht,592.96894469626
Greece,Helgoländer Bucht,2019.812113159343
Croatia,Helgoländer Bucht,1187.6545053361026
Hungary,Helgoländer Bucht,1157.1345433370327
Ireland,Helgoländer Bucht,1027.1344263221513
Italy,Helgoländer Bucht,1139.0236757655014
Lithuania,Helgoländer Bucht,1096.6852178841114
Luxemb.,Helgoländer Bucht,515.7436686260429
Latvia,Helgoländer Bucht,1194.2886430930216
Macedonia,Helgoländer Bucht,1779.8091695363016
Netherlands,Helgoländer Bucht,267.1189960160896
NO1,Helgoländer Bucht,679.7734276943185
NO2,Helgoländer Bucht,526.5909751330411
NO3,Helgoländer Bucht,996.8007484097423
NO4,Helgoländer Bucht,1634.7196844854375
NO5,Helgoländer Bucht,711.7850433182178
Poland,Helgoländer Bucht,846.0125098479871
Portugal,Helgoländer Bucht,2036.618775172505
Romania,Helgoländer Bucht,1567.0158204493266
Serbia,Helgoländer Bucht,1484.7175252444838
Sweden,Helgoländer Bucht,1047.7434347187534
Slovenia,Helgoländer Bucht,1064.7537511012088
Slovakia,Helgoländer Bucht,1052.0602269816663
Moray Firth,Helgoländer Bucht,766.0279578225872
Firth of Forth,Helgoländer Bucht,631.2504911490616
Dogger Bank,Helgoländer Bucht,319.2653077980718
Hornsea,Helgoländer Bucht,354.7520145329377
Outer Dowsing,Helgoländer Bucht,430.0570217755825
Norfolk,Helgoländer Bucht,374.97088972024596
East Anglia,Helgoländer Bucht,447.9978058266949
Borssele,Helgoländer Bucht,375.7750257504923
Hollandsee Kust,Helgoländer Bucht,296.30552679227685
Austria,Nordsøen,1104.924206470334
Bosnia H,Nordsøen,1558.4341481024605
Belgium,Nordsøen,642.1885404143513
Bulgaria,Nordsøen,1995.7049914790496
Switzerland,Nordsøen,1058.2198141727126
Czech R,Nordsøen,894.6384164171353
Germany,Nordsøen,628.3392021295193
Denmark,Nordsøen,136.282187536208
Estonia,Nordsøen,1123.8495150564072
Spain,Nordsøen,1951.2035598329837
Finland,Nordsøen,1379.4647848217032
France,Nordsøen,1113.0290738360632
Great Brit.,Nordsøen,675.7656444936243
Greece,Nordsøen,2197.742893926242
Croatia,Nordsøen,1368.5009983089196
Hungary,Nordsøen,1313.5069409151413
Ireland,Nordsøen,1048.0624435775119
Italy,Nordsøen,1352.365849040278
Lithuania,Nordsøen,1078.3996005473562
Luxemb.,Nordsøen,731.8668390602855
Latvia,Nordsøen,1141.9182244298968
Macedonia,Nordsøen,1949.7058042339772
Netherlands,Nordsøen,472.70465671481253
NO1,Nordsøen,478.64954337221474
NO2,Nordsøen,308.55573157941274
NO3,Nordsøen,784.489340747418
NO4,Nordsøen,1426.6761890713449
NO5,Nordsøen,493.2901029971879
Poland,Nordsøen,922.2349092444119
Portugal,Nordsøen,2201.425649054229
Romania,Nordsøen,1689.8380802922711
Serbia,Nordsøen,1647.5711480483526
Sweden,Nordsøen,857.3896605881674
Slovenia,Nordsøen,1256.136866608216
Slovakia,Nordsøen,1187.1664129982698
Moray Firth,Nordsøen,645.067889779881
Firth of Forth,Nordsøen,565.7188892026956
Dogger Bank,Nordsøen,339.198930250629
Hornsea,Nordsøen,432.2903618562382
Outer Dowsing,Nordsøen,517.2838607805563
Norfolk,Nordsøen,503.2637091444538
East Anglia,Nordsøen,596.7108953929608
Borssele,Nordsøen,545.0904913290441
Hollandsee Kust,Nordsøen,470.1930488469492
Helgoländer Bucht,Nordsøen,218.61895966288358
Austria,Energyhub EU,1043.905897482809
Bosnia H,Energyhub EU,1503.4089324676968
Belgium,Energyhub EU,492.1839091288284
Bulgaria,Energyhub EU,1978.5419968329804
Switzerland,Energyhub EU,937.4832401298418
Czech R,Energyhub EU,863.458759763659
Germany,Energyhub EU,555.789046143116
Denmark,Energyhub EU,255.2270388507833
Estonia,Energyhub EU,1258.148794071823
Spain,Energyhub EU,1792.57238064554
Finland,Energyhub EU,1536.7336060348896
France,Energyhub EU,959.6491061028515
Great Brit.,Energyhub EU,532.9074241815957
Greece,Energyhub EU,2146.166819198228
Croatia,Energyhub EU,1313.9913564027115
Hungary,Energyhub EU,1284.955937677665
Ireland,Energyhub EU,937.7841428196184
Italy,Energyhub EU,1248.62729436658
Lithuania,Energyhub EU,1176.1646130638503
Luxemb.,Energyhub EU,595.5831501668387
Latvia,Energyhub EU,1258.2014870502503
Macedonia,Energyhub EU,1907.182278677906
Netherlands,Energyhub EU,327.92393150873784
NO1,Energyhub EU,637.519058097055
NO2,Energyhub EU,454.24899465093495
NO3,Energyhub EU,936.5424022059672
NO4,Energyhub EU,1580.9010557549004
NO5,Energyhub EU,627.5119470332866
Poland,Energyhub EU,958.8656002982984
Portugal,Energyhub EU,2041.8796558240915
Romania,Energyhub EU,1691.9961800577385
Serbia,Energyhub EU,1612.5272051598738
Sweden,Energyhub EU,1017.1869344516641
Slovenia,Energyhub EU,1188.8531848837551
Slovakia,Energyhub EU,1178.1971689231627
Moray Firth,Energyhub EU,638.3575500827425
Firth of Forth,Energyhub EU,509.86640440364897
Dogger Bank,Energyhub EU,216.87595047055714
Hornsea,Energyhub EU,286.5279657379554
Outer Dowsing,Energyhub EU,370.28874088464596
Norfolk,Energyhub EU,345.50562972691813
East Anglia,Energyhub EU,437.19154949196087
Borssele,Energyhub EU,385.74370669449036
Hollandsee Kust,Energyhub EU,312.1243102362497
Helgoländer Bucht,Energyhub EU,127.86726950656278
Nordsøen,Energyhub EU,159.92510770315303
Austria,Nordvest A,2109.747627829466
Bosnia H,Nordvest A,2518.2565169752506
Belgium,Nordvest A,1755.8015999908398
Bulgaria,Nordvest A,2795.279252936037
Switzerland,Nordvest A,2166.632175563188
Czech R,Nordvest A,1849.6283028479095
Germany,Nordvest A,1694.2755505359332
Denmark,Nordvest A,1122.4693387823138
Estonia,Nordvest A,1152.760673154804
Spain,Nordvest A,3027.5601810037265
Finland,Nordvest A,847.329127498792
France,Nordvest A,2220.4754517119095
Great Brit.,Nordvest A,1635.3122706561135
Greece,Nordvest A,3116.883031355644
Croatia,Nordvest A,2338.419659309829
Hungary,Nordvest A,2210.9758072947006
Ireland,Nordvest A,1775.7677729684158
Italy,Nordvest A,2433.6230424491446
Lithuania,Nordvest A,1448.0768907074078
Luxemb.,Nordvest A,1850.600171826285
Latvia,Nordvest A,1342.8081982797785
Macedonia,Nordvest A,2848.230993143904
Netherlands,Nordvest A,1589.6114562391147
NO1,Nordvest A,685.2329293878755
NO2,Nordvest A,810.8990467960144
NO3,Nordvest A,353.61228572490313
NO4,Nordvest A,387.0324884683838
NO5,Nordvest A,641.1647561472257
Poland,Nordvest A,1659.2145464300493
Portugal,Nordvest A,3215.1317334180044
Romania,Nordvest A,2434.525825616186
Serbia,Nordvest A,2538.3739194216196
Sweden,Nordvest A,488.6207906129264
Slovenia,Nordvest A,2265.8190337158862
Slovakia,Nordvest A,2035.431111762314
Moray Firth,Nordvest A,1113.0924726089033
Firth of Forth,Nordvest A,1266.2386391722964
Dogger Bank,Nordvest A,1333.4114578694503
Hornsea,Nordvest A,1451.5234516181808
Outer Dowsing,Nordvest A,1523.1451620051512
Norfolk,Nordvest A,1559.3821705999758
East Anglia,Nordvest A,1661.4767694673817
Borssele,Nordvest A,1635.2278734087008
Hollandsee Kust,Nordvest A,1569.5030592157034
Helgoländer Bucht,Nordvest A,1335.4318216413371
Nordsøen,Nordvest A,1118.8436277732178
Energyhub EU,Nordvest A,1263.62106227676
Austria,Nordvest C,1879.0554646156154
Bosnia H,Nordvest C,2306.1869715308344
Belgium,Nordvest C,1464.4988181097128
Bulgaria,Nordvest C,2635.04418143696
Switzerland,Nordvest C,1894.363155906626
Czech R,Nordvest C,1629.6863626283423
Germany,Nordvest C,1438.7105529916266
Denmark,Nordvest C,860.6279813689139
Estonia,Nordvest C,1137.3960112269012
Spain,Nordvest C,2723.349736466792
Finland,Nordvest C,987.1842417740727
France,Nordvest C,1924.473683682402
Great Brit.,Nordvest C,1328.2979608418595
Greece,Nordvest C,2922.638299280231
Croatia,Nordvest C,2121.34964332133
Hungary,Nordvest C,2014.082668212515
Ireland,Nordvest C,1478.8255408996179
Italy,Nordvest C,2176.6698879340565
Lithuania,Nordvest C,1361.8169354385789
Luxemb.,Nordvest C,1566.9903200913263
Latvia,Nordvest C,1295.1906215335932
Macedonia,Nordvest C,2658.5376267537295
Netherlands,Nordvest C,1301.6405502395535
NO1,Nordvest C,461.2424621125488
NO2,Nordvest C,530.0126563726908
NO3,Nordvest C,208.72322911466142
NO4,Nordvest C,680.7085334291535
NO5,Nordvest C,346.31774081313864
Poland,Nordvest C,1489.9560676414617
Portugal,Nordvest C,2907.9659236695015
Romania,Nordvest C,2284.977740955765
Serbia,Nordvest C,2347.936154666312
Sweden,Nordvest C,461.82622507367273
Slovenia,Nordvest C,2035.1362572505454
Slovakia,Nordvest C,1849.0844339533674
Moray Firth,Nordvest C,817.4245480433273
Firth of Forth,Nordvest C,961.5549769989809
Dogger Bank,Nordvest C,1029.9573578222169
Hornsea,Nordvest C,1147.9011303595234
Outer Dowsing,Nordvest C,1218.0675936374296
Norfolk,Nordvest C,1257.5682689985313
East Anglia,Nordvest C,1359.720399052663
Borssele,Nordvest C,1337.3935174060857
Hollandsee Kust,Nordvest C,1274.23748976198
Helgoländer Bucht,Nordvest C,1055.8337829402842
Nordsøen,Nordvest C,837.2576123533522
Energyhub EU,Nordvest C,973.8275162398328
Nordvest A,Nordvest C,307.1687081412461
Austria,Vestavind A,1754.475515219436
Bosnia H,Vestavind A,2197.782593126208
Belgium,Vestavind A,1261.2899365624687
Bulgaria,Vestavind A,2576.5782908644737
Switzerland,Vestavind A,1716.880146526291
Czech R,Vestavind A,1521.634831926454
Germany,Vestavind A,1289.919384207446
Denmark,Vestavind A,721.4932630695292
Estonia,Vestavind A,1235.3224520173349
Spain,Vestavind A,2490.9581827912584
Finland,Vestavind A,1184.747517899991
France,Vestavind A,1710.1234681831006
Great Brit.,Vestavind A,1087.6559845055983
Greece,Vestavind A,2828.1549730199167
Croatia,Vestavind A,2009.3686359928301
Hungary,Vestavind A,1925.3698556975455
Ireland,Vestavind A,1229.0841244400594
Italy,Vestavind A,2017.1858779479528
Lithuania,Vestavind A,1394.4036726505312
Luxemb.,Vestavind A,1375.6580952928903
Latvia,Vestavind A,1362.0899862449517
Macedonia,Vestavind A,2570.5972255738184
Netherlands,Vestavind A,1106.0902319505547
NO1,Vestavind A,432.4479914362358
NO2,Vestavind A,384.0340729280808
NO3,Vestavind A,372.7939104888023
NO4,Vestavind A,931.1140873502568
NO5,Vestavind A,200.53891488393023
Poland,Vestavind A,1440.455353375966
Portugal,Vestavind A,2663.7476121630043
Romania,Vestavind A,2240.4359928576787
Serbia,Vestavind A,2262.035661433182
Sweden,Vestavind A,615.8453537239757
Slovenia,Vestavind A,1908.667055751028
Slovakia,Vestavind A,1774.0294770336295
Moray Firth,Vestavind A,568.9604271393597
Firth of Forth,Vestavind A,712.0114201714707
Dogger Bank,Vestavind A,804.6161602745834
Hornsea,Vestavind A,921.0905319533402
Outer Dowsing,Vestavind A,986.4011386610991
Norfolk,Vestavind A,1034.742926298965
East Anglia,Vestavind A,1136.3758317897584
Borssele,Vestavind A,1122.8619533882913
Hollandsee Kust,Vestavind A,1065.4934825231664
Helgoländer Bucht,Vestavind A,879.4874515314458
Nordsøen,Vestavind A,664.9101612092463
Energyhub EU,Vestavind A,780.874852970065
Nordvest A,Vestavind A,554.3122503719866
Nordvest C,Vestavind A,250.40729121428654
Austria,Sønnavind A,1216.1361252990946
Bosnia H,Sønnavind A,1663.6479414794223
Belgium,Sønnavind A,781.2179674095844
Bulgaria,Sønnavind A,2074.551226167286
Switzerland,Sønnavind A,1194.4367296508667
Czech R,Sønnavind A,991.245001807869
Germany,Sønnavind A,750.4838905162545
Denmark,Sønnavind A,187.33911701262946
Estonia,Sønnavind A,1059.2811497858415
Spain,Sønnavind A,2085.113589032631
Finland,Sønnavind A,1267.936022683446
France,Sønnavind A,1251.2872566011288
Great Brit.,Sønnavind A,776.7162583177693
Greece,Sønnavind A,2298.7896220011144
Croatia,Sønnavind A,1474.3696454233532
Hungary,Sønnavind A,1403.86656120902
Ireland,Sønnavind A,1109.328171713729
Italy,Sønnavind A,1482.324297241351
Lithuania,Sønnavind A,1062.7146680997787
Luxemb.,Sønnavind A,871.3905767511161
Latvia,Sønnavind A,1102.6519883526075
Macedonia,Sønnavind A,2045.7856881548962
Netherlands,Sønnavind A,612.2808766669642
NO1,Sønnavind A,347.02920564075293
NO2,Sønnavind A,170.00287668693764
NO3,Sønnavind A,645.2150836912401
NO4,Sønnavind A,1288.4214257479039
NO5,Sønnavind A,358.8040045230644
Poland,Sønnavind A,969.6678679974807
Portugal,Sønnavind A,2325.729804900754
Romania,Sønnavind A,1756.0059310520267
Serbia,Sønnavind A,1740.0702634823488
Sweden,Sønnavind A,729.392851292487
Slovenia,Sønnavind A,1369.660831305442
Slovakia,Sønnavind A,1265.4861578352252
Moray Firth,Sønnavind A,624.3931135530364
Firth of Forth,Sønnavind A,592.1403144655163
Dogger Bank,Sønnavind A,435.31553228435007
Hornsea,Sønnavind A,541.9923330997469
Outer Dowsing,Sønnavind A,625.8993654640594
Norfolk,Sønnavind A,626.1528057105098
East Anglia,Sønnavind A,723.3682877133871
Borssele,Sønnavind A,678.0387063634901
Hollandsee Kust,Sønnavind A,605.1792614130624
Helgoländer Bucht,Sønnavind A,356.8035083838485
Nordsøen,Sønnavind A,139.7899701722664
Energyhub EU,Sønnavind A,293.0620365538057
Nordvest A,Sønnavind A,979.215600262113
Nordvest C,Sønnavind A,699.9370694570684
Vestavind A,Sønnavind A,540.0050712216307
Austria,Sørvest C,1284.5055430632397
Bosnia H,Sørvest C,1742.666722718528
Belgium,Sørvest C,707.9564011870694
Bulgaria,Sørvest C,2198.959048708954
Switzerland,Sørvest C,1177.5130224310874
Czech R,Sørvest C,1090.3668830157944
Germany,Sørvest C,798.0780203238556
Denmark,Sørvest C,342.37132884493946
Estonia,Sørvest C,1278.1796661610686
Spain,Sørvest C,1957.821124399989
Finland,Sørvest C,1463.121652716099
France,Sørvest C,1157.756652064217
Great Brit.,Sørvest C,592.3648118109824
Greece,Sørvest C,2384.659269306171
Croatia,Sørvest C,1552.8201569838038
Hungary,Sørvest C,1511.5247648579516
Ireland,Sørvest C,892.544182771152
Italy,Sørvest C,1493.4857982612618
Lithuania,Sørvest C,1271.6255436846134
Luxemb.,Sørvest C,827.7424782574964
Latvia,Sørvest C,1319.4227111443545
Macedonia,Sørvest C,2141.7004664200763
Netherlands,Sørvest C,557.5341192146739
NO1,Sørvest C,525.5653996973881
NO2,Sørvest C,303.0964948072546
NO3,Sørvest C,770.7548212567834
NO4,Sørvest C,1413.3081714199152
NO5,Sørvest C,430.89369295630104
Poland,Sørvest C,1133.607298922887
Portugal,Sørvest C,2167.0121769373477
Romania,Sørvest C,1898.2199735858528
Serbia,Sørvest C,1843.1002995582135
Sweden,Sørvest C,903.5624264414957
Slovenia,Sørvest C,1431.5206716228122
Slovakia,Sørvest C,1392.1038931683192
Moray Firth,Sørvest C,433.76879272664405
Firth of Forth,Sørvest C,374.0606904147344
Dogger Bank,Sørvest C,264.8159774190135
Hornsea,Sørvest C,382.6069508441742
Outer Dowsing,Sørvest C,458.88272358684736
Norfolk,Sørvest C,488.81167517281733
East Anglia,Sørvest C,590.9352570477408
Borssele,Sørvest C,570.0319175395674
Hollandsee Kust,Sørvest C,511.5033142883517
Helgoländer Bucht,Sørvest C,366.7908864945278
Nordsøen,Sørvest C,211.37298878797085
Energyhub EU,Sørvest C,245.96761194494107
Nordvest A,Sørvest C,1070.5957361877663
Nordvest C,Sørvest C,769.1751403426911
Vestavind A,Sørvest C,553.9994586677178
Sønnavind A,Sørvest C,219.04509657235005
Austria,Nordvest B,1971.8206021922051
Bosnia H,Nordvest B,2392.938708264358
Belgium,Nordvest B,1576.6098369865538
Bulgaria,Nordvest B,2703.811798042196
Switzerland,Nordvest B,2000.9998956944855
Czech R,Nordvest B,1718.324474081781
Germany,Nordvest B,1539.4729549736478
Denmark,Nordvest B,962.411226358179
Estonia,Nordvest B,1147.6996634040956
Spain,Nordvest B,2838.2484482352434
Finland,Nordvest B,938.3005574789972
France,Nordvest B,2037.89547224306
Great Brit.,Nordvest B,1442.8037456018246
Greece,Nordvest B,3003.6848811492396
Croatia,Nordvest B,2209.654624099764
Hungary,Nordvest B,2095.148053682431
Ireland,Nordvest B,1584.9547337024385
Italy,Nordvest B,2278.550929340869
Lithuania,Nordvest B,1400.3260756078882
Luxemb.,Nordvest B,1676.935977428443
Latvia,Nordvest B,1318.7952939365193
Macedonia,Nordvest B,2737.781178877824
Netherlands,Nordvest B,1412.7321328233118
NO1,Nordvest B,545.0082328384835
NO2,Nordvest B,637.5365069503267
NO3,Nordvest B,240.64908624349334
NO4,Nordvest B,573.933323621792
NO5,Nordvest B,458.212795008135
Poland,Nordvest B,1559.9071258062804
Portugal,Nordvest B,3021.9745228094794
Romania,Nordvest B,2349.459124219394
Serbia,Nordvest B,2427.1346311080074
Sweden,Nordvest B,462.26227695450024
Slovenia,Nordvest B,2128.0680965205092
Slovakia,Nordvest B,1926.1111313343552
Moray Firth,Nordvest B,922.4477144496595
Firth of Forth,Nordvest B,1072.7415475009986
Dogger Bank,Nordvest B,1144.7380879778032
Hornsea,Nordvest B,1262.712250480437
Outer Dowsing,Nordvest B,1332.9913332631754
Norfolk,Nordvest B,1372.1213606315014
East Anglia,Nordvest B,1474.274927228886
Borssele,Nordvest B,1451.1380584380522
Hollandsee Kust,Nordvest B,1387.334511943433
Helgoländer Bucht,Nordvest B,1164.1213304949176
Nordsøen,Nordvest B,945.8709205796747
Energyhub EU,Nordvest B,1085.225280144529
Nordvest A,Nordvest B,193.65502622469222
Nordvest C,Nordvest B,114.92582081313688
Vestavind A,Nordvest B,360.743213371183
Sønnavind A,Nordvest B,807.457636833477
Sørvest C,Nordvest B,883.553047521741
Austria,Vestavind F,1471.770476752446
Bosnia H,Vestavind F,1922.2381253142355
Belgium,Vestavind F,959.0967863773727
Bulgaria,Vestavind F,2334.6250434786757
Switzerland,Vestavind F,1413.8458504792898
Czech R,Vestavind F,1251.672844412938
Germany,Vestavind F,997.5728273409
Denmark,Vestavind F,448.5117872451741
Estonia,Vestavind F,1190.1963658629643
Spain,Vestavind F,2210.3776292961375
Finland,Vestavind F,1282.3465460073726
France,Vestavind F,1412.9147914070045
Great Brit.,Vestavind F,826.3182861728367
Greece,Vestavind F,2558.8006781508834
Croatia,Vestavind F,1732.63468144585
Hungary,Vestavind F,1665.0737023123618
Ireland,Vestavind F,1053.4215309233325
Italy,Vestavind F,1717.8465550658198
Lithuania,Vestavind F,1262.7232353722297
Luxemb.,Vestavind F,1071.8944047383263
Latvia,Vestavind F,1272.1794631817593
Macedonia,Vestavind F,2306.65594932153
Netherlands,Vestavind F,802.4517328648915
NO1,Vestavind F,362.53501275935554
NO2,Vestavind F,164.8946537007011
NO3,Vestavind F,534.1172443813404
NO4,Vestavind F,1168.0862840354491
NO5,Vestavind F,184.77402226662312
Poland,Vestavind F,1220.9026676146773
Portugal,Vestavind F,2407.6246016023283
Romania,Vestavind F,2012.755393281001
Serbia,Vestavind F,2001.2206114990643
Sweden,Vestavind F,704.4271039849506
Slovenia,Vestavind F,1624.0027122649844
Slovakia,Vestavind F,1525.9153924155316
Moray Firth,Vestavind F,454.1581215658917
Firth of Forth,Vestavind F,510.77678415059404
Dogger Bank,Vestavind F,516.2865523388261
Hornsea,Vestavind F,634.3717993722995
Outer Dowsing,Vestavind F,706.4950746278179
Norfolk,Vestavind F,743.4785628881328
East Anglia,Vestavind F,845.6297498088169
Borssele,Vestavind F,825.2213878594779
Hollandsee Kust,Vestavind F,764.8608647015643
Helgoländer Bucht,Vestavind F,578.8500962226834
Nordsøen,Vestavind F,369.2345047905839
Energyhub EU,Vestavind F,477.17141823260164
Nordvest A,Vestavind F,817.186524797989
Nordvest C,Vestavind F,514.0924341487507
Vestavind A,Vestavind F,303.78848112347794
Sønnavind A,Vestavind F,261.2295969575735
Sørvest C,Vestavind F,255.49481728907398
Nordvest B,Vestavind F,628.7052373063141
Austria,Sørvest E,1292.57865758677
Bosnia H,Sørvest E,1748.2267936741468
Belgium,Sørvest E,754.5499858563226
Bulgaria,Sørvest E,2188.949634127655
Switzerland,Sørvest E,1211.184931391867
Czech R,Sørvest E,1087.4161455062633
Germany,Sørvest E,810.3537537525641
Denmark,Sørvest E,310.5465099691294
Estonia,Sørvest E,1215.2353856168038
Spain,Sørvest E,2019.67720493904
Finland,Sørvest E,1392.7452366752445
France,Sørvest E,1211.346531088102
Great Brit.,Sørvest E,661.8593121126767
Greece,Sørvest E,2388.638965054094
Croatia,Sørvest E,1558.2270531210763
Hungary,Sørvest E,1506.7641285791508
Ireland,Sørvest E,959.555203043931
Italy,Sørvest E,1519.9259413264388
Lithuania,Sørvest E,1221.7897691432017
Luxemb.,Sørvest E,867.206550139454
Latvia,Sørvest E,1262.6865454891708
Macedonia,Sørvest E,2141.977303752274
Netherlands,Sørvest E,597.5691497519044
NO1,Sørvest E,455.0917928323945
NO2,Sørvest E,233.03130760055464
NO3,Sørvest E,705.0026092264474
NO4,Sørvest E,1349.0177957355318
NO5,Sørvest E,370.36744902337585
Poland,Sørvest E,1106.40807728871
Portugal,Sørvest E,2234.2853247483285
Romania,Sørvest E,1881.0529525780428
Serbia,Sørvest E,1840.5233210545678
Sweden,Sørvest E,833.3763058985786
Slovenia,Sørvest E,1442.1181353692912
Slovakia,Sørvest E,1380.189691507261
Moray Firth,Sørvest E,469.04206546238515
Firth of Forth,Sørvest E,433.8646429226332
Dogger Bank,Sørvest E,330.400628191141
Hornsea,Sørvest E,447.14696009067956
Outer Dowsing,Sørvest E,525.4403441675147
Norfolk,Sørvest E,549.4512456433108
East Anglia,Sørvest E,651.2082981373788
Borssele,Sørvest E,624.3833248796077
Hollandsee Kust,Sørvest E,561.5680025373532
Helgoländer Bucht,Sørvest E,382.8024777615399
Nordsøen,Sørvest E,193.43459956790014
Energyhub EU,Sørvest E,273.7027423236173
Nordvest A,Sørvest E,1011.50153584332
Nordvest C,Sørvest E,713.1375086138127
Vestavind A,Sørvest E,508.52326350140345
Sønnavind A,Sørvest E,160.2063768705408
Sørvest C,Sørvest E,70.47396365594498
Nordvest B,Sørvest E,826.7594963150025
Vestavind F,Sørvest E,204.9631687940686
Austria,Sørvest A,1374.3041743336585
Bosnia H,Sørvest A,1831.0072424824239
Belgium,Sørvest A,807.1140672094028
Bulgaria,Sørvest A,2275.2663152602004
Switzerland,Sørvest A,1277.0536700974199
Czech R,Sørvest A,1172.4586777828536
Germany,Sørvest A,889.9979984210919
Denmark,Sørvest A,396.20632790518465
Estonia,Sørvest A,1271.7483260295262
Spain,Sørvest A,2045.7959547248079
Finland,Sørvest A,1417.4017446165612
France,Sørvest A,1253.8661126958339
Great Brit.,Sørvest A,663.4198150962222
Greece,Sørvest A,2472.038924920443
Croatia,Sørvest A,1641.0219278290156
Hungary,Sørvest A,1592.2799881355836
Ireland,Sørvest A,920.5235544393871
Italy,Sørvest A,1591.593864671955
Lithuania,Sørvest A,1295.9529126282039
Luxemb.,Sørvest A,927.6183208243053
Latvia,Sørvest A,1329.3125503153751
Macedonia,Sørvest A,2226.441982803995
Netherlands,Sørvest A,657.4093469823691
NO1,Sørvest A,480.5448354956384
NO2,Sørvest A,255.17312687939014
NO3,Sørvest A,694.6990798023276
NO4,Sørvest A,1332.171958252237
NO5,Sørvest A,347.7222793963487
Poland,Sørvest A,1191.9323916848884
Portugal,Sørvest A,2243.9478611736436
Romania,Sørvest A,1967.6053906791894
Serbia,Sørvest A,1925.6435520142354
Sweden,Sørvest A,847.3499185780299
Slovenia,Sørvest A,1522.8441864113813
Slovakia,Sørvest A,1466.6147932080214
Moray Firth,Sørvest A,390.1764938651308
Firth of Forth,Sørvest A,382.50041512467976
Dogger Bank,Sørvest A,352.10580906935496
Hornsea,Sørvest A,470.0336469592847
Outer Dowsing,Sørvest A,541.5667058782176
Norfolk,Sørvest A,580.6241293731263
East Anglia,Sørvest A,682.6812980608013
Borssele,Sørvest A,666.4735440833817
Hollandsee Kust,Sørvest A,609.9474297076831
Helgoländer Bucht,Sørvest A,459.7645388301827
Nordsøen,Sørvest A,279.5713783383206
Energyhub EU,Sørvest A,343.03758037897353
Nordvest A,Sørvest A,981.8792200986983
Nordvest C,Sørvest A,677.8701332751615
Vestavind A,Sørvest A,456.39503263037784
Sønnavind A,Sørvest A,234.28132902213278
Sørvest C,Sørvest A,99.87603649046227
Nordvest B,Sørvest A,792.6796644282703
Vestavind F,Sørvest A,164.93205543863462
Sørvest E,Sørvest A,86.57384103628483
Austria,Vestavind B,1666.2862477109684
Bosnia H,Vestavind B,2113.074752656964
Belgium,Vestavind B,1158.2464218686382
Bulgaria,Vestavind B,2506.1551849138923
Switzerland,Vestavind B,1616.9055069345573
Czech R,Vestavind B,1438.8133872309973
Germany,Vestavind B,1196.8110599577035
Denmark,Vestavind B,635.2362326814093
Estonia,Vestavind B,1231.8280815313062
Spain,Vestavind B,2388.880271112538
Finland,Vestavind B,1229.2328321190946
France,Vestavind B,1606.435857421818
Great Brit.,Vestavind B,987.8810965682183
Greece,Vestavind B,2746.437435926
Croatia,Vestavind B,1924.03274010366
Hungary,Vestavind B,1846.9917947882104
Ireland,Vestavind B,1148.446670326684
Italy,Vestavind B,1920.2780896566767
Lithuania,Vestavind B,1362.0695887840093
Luxemb.,Vestavind B,1273.883201969698
Latvia,Vestavind B,1344.0405022256293
Macedonia,Vestavind B,2491.117187355078
Netherlands,Vestavind B,1004.0415509923444
NO1,Vestavind B,403.4007753215734
NO2,Vestavind B,305.74377024853413
NO3,Vestavind B,427.1585677195468
NO4,Vestavind B,1019.6378317912279
NO5,Vestavind B,151.09749959963094
Poland,Vestavind B,1377.007421549219
Portugal,Vestavind B,2566.22205820809
Romania,Vestavind B,2175.3348042095818
Serbia,Vestavind B,2183.7042983663555
Sweden,Vestavind B,650.4977797492539
Slovenia,Vestavind B,1819.6424464246627
Slovakia,Vestavind B,1700.388854679143
Moray Firth,Vestavind B,495.9309367184172
Firth of Forth,Vestavind B,621.6803230359046
Dogger Bank,Vestavind B,701.1248978000278
Hornsea,Vestavind B,817.7808948335824
Outer Dowsing,Vestavind B,883.8090536255236
Norfolk,Vestavind B,931.1771544094843
East Anglia,Vestavind B,1032.8643810063802
Borssele,Vestavind B,1019.2046033441843
Hollandsee Kust,Vestavind B,962.1204668550728
Helgoländer Bucht,Vestavind B,781.4945811447957
Nordsøen,Vestavind B,569.381888725665
Energyhub EU,Vestavind B,679.930160865313
Nordvest A,Vestavind B,649.1363950861784
Nordvest C,Vestavind B,342.19200298546554
Vestavind A,Vestavind B,103.69047144579866
Sønnavind A,Vestavind B,450.1688316078974
Sørvest C,Vestavind B,450.6244739723454
Nordvest B,Vestavind B,455.77213363309124
Vestavind F,Vestavind B,203.10316163879824
Sørvest E,Vestavind B,406.7464226848947
Sørvest A,Vestavind B,352.75802346455885
Austria,Vestavind C,1600.2852386988336
Bosnia H,Vestavind C,2048.725121657627
Belgium,Vestavind C,1087.310761020636
Bulgaria,Vestavind C,2449.6389846049715
Switzerland,Vestavind C,1545.9901301092316
Czech R,Vestavind C,1375.8174581230735
Germany,Vestavind C,1128.5812897186852
Denmark,Vestavind C,571.5674592350742
Estonia,Vestavind C,1220.6456452496982
Spain,Vestavind C,2322.807751883292
Finland,Vestavind C,1251.2512259506807
France,Vestavind C,1536.567711346155
Great Brit.,Vestavind C,925.4938068592185
Greece,Vestavind C,2683.511186827648
Croatia,Vestavind C,1859.4156373983387
Hungary,Vestavind C,1786.222860600404
Ireland,Vestavind C,1105.7577933092266
Italy,Vestavind C,1850.2849361116396
Lithuania,Vestavind C,1330.9707570769726
Luxemb.,Vestavind C,1202.7177232947115
Latvia,Vestavind C,1322.569881908991
Macedonia,Vestavind C,2429.468240461635
Netherlands,Vestavind C,932.877173557727
NO1,Vestavind C,384.3492508508278
NO2,Vestavind C,251.5211461355623
NO3,Vestavind C,463.41352666858506
NO4,Vestavind C,1074.3743126423315
NO5,Vestavind C,139.14473664455036
Poland,Vestavind C,1325.6757623594372
Portugal,Vestavind C,2505.7540563697703
Romania,Vestavind C,2122.1444810148937
Serbia,Vestavind C,2122.798658743
Sweden,Vestavind C,669.7912832699535
Slovenia,Vestavind C,1753.166573015633
Slovakia,Vestavind C,1642.4595526163853
Moray Firth,Vestavind C,465.02228863659104
Firth of Forth,Vestavind C,571.5399735998724
Dogger Bank,Vestavind C,632.638037300884
Hornsea,Vestavind C,749.7678499549812
Outer Dowsing,Vestavind C,817.2868646155963
Norfolk,Vestavind C,862.335260908559
East Anglia,Vestavind C,964.1926242732649
Borssele,Vestavind C,949.1169951039948
Hollandsee Kust,Vestavind C,891.4382182158346
Helgoländer Bucht,Vestavind C,711.3195324750862
Nordsøen,Vestavind C,500.51707495473494
Energyhub EU,Vestavind C,608.8741277360606
Nordvest A,Vestavind C,709.8199565699674
Nordvest C,Vestavind C,402.84904451331937
Vestavind A,Vestavind C,174.0576880752091
Sønnavind A,Vestavind C,385.08021598340906
Sørvest C,Vestavind C,379.95168620313217
Nordvest B,Vestavind C,517.5120464070304
Vestavind F,Vestavind C,132.49959373865929
Sørvest E,Vestavind C,335.5983361010925
Sørvest A,Vestavind C,282.7024288000052
Vestavind B,Vestavind C,71.16659064004172
Austria,Vestavind D,1575.6579670391789
Bosnia H,Vestavind D,2022.7979360247473
Belgium,Vestavind D,1076.0554084127762
Bulgaria,Vestavind D,2419.75977545236
Switzerland,Vestavind D,1529.4262951571645
Czech R,Vestavind D,1348.9580593493386
Germany,Vestavind D,1106.3136192860416
Denmark,Vestavind D,545.041054178166
Estonia,Vestavind D,1188.7492565131784
Spain,Vestavind D,2321.2531972991974
Finland,Vestavind D,1227.66657275599
France,Vestavind D,1528.802757146727
Great Brit.,Vestavind D,928.7866116061111
Greece,Vestavind D,2656.6528674573533
Croatia,Vestavind D,1833.67869998986
Hungary,Vestavind D,1758.132052873008
Ireland,Vestavind D,1122.6070158656814
Italy,Vestavind D,1830.8534124302382
Lithuania,Vestavind D,1297.424833503661
Luxemb.,Vestavind D,1188.6430305634747
Latvia,Vestavind D,1289.4555568997698
Macedonia,Vestavind D,2401.864398035262
Netherlands,Vestavind D,919.3452606181263
NO1,Vestavind D,352.00714730891895
NO2,Vestavind D,220.1665580883511
NO3,Vestavind D,447.42372481074347
NO4,Vestavind D,1067.1606207288464
NO5,Vestavind D,111.29745595650077
Poland,Vestavind D,1294.181687474278
Portugal,Vestavind D,2510.0910832912427
Romania,Vestavind D,2091.1958922877243
Serbia,Vestavind D,2094.7922228687785
Sweden,Vestavind D,646.031038612414
Slovenia,Vestavind D,1728.972212472019
Slovakia,Vestavind D,1613.0762249096622
Moray Firth,Vestavind D,488.49568669682435
Firth of Forth,Vestavind D,585.1905354611404
Dogger Bank,Vestavind D,628.5110185399917
Hornsea,Vestavind D,746.2475895595537
Outer Dowsing,Vestavind D,815.9144281133083
Norfolk,Vestavind D,857.1870119015413
East Anglia,Vestavind D,959.260156300276
Borssele,Vestavind D,941.0792908185332
Hollandsee Kust,Vestavind D,881.5061223714794
Helgoländer Bucht,Vestavind D,692.502314277487
Nordsøen,Vestavind D,479.26480749107003
Energyhub EU,Vestavind D,593.5573807953882
Nordvest A,Vestavind D,707.8281855852351
Nordvest C,Vestavind D,402.1532087393053
Vestavind A,Vestavind D,187.46599915260964
Sønnavind A,Vestavind D,359.5842017371221
Sørvest C,Vestavind D,371.0474918755828
Nordvest B,Vestavind D,517.0770382663749
Vestavind F,Vestavind D,117.01313249304874
Sørvest E,Vestavind D,321.95448454369216
Sørvest A,Vestavind D,276.5865692714563
Vestavind B,Vestavind D,90.68359597258286
Vestavind C,Vestavind D,33.54821670539103
Austria,Sørvest F,1228.6759217910912
Bosnia H,Sørvest F,1685.7734277939353
Belgium,Sørvest F,682.3574074649389
Bulgaria,Sørvest F,2136.516897574963
Switzerland,Sørvest F,1138.7561716235243
Czech R,Sørvest F,1029.8409391873286
Germany,Sørvest F,744.1384572763169
Denmark,Sørvest F,277.9488856202666
Estonia,Sørvest F,1228.232364909478
Spain,Sørvest F,1954.3357373483798
Finland,Sørvest F,1433.693333475174
France,Sørvest F,1140.968060351024
Great Brit.,Sørvest F,612.4157810004958
Greece,Sørvest F,2327.1531935325384
Croatia,Sørvest F,1495.8141746503422
Hungary,Sørvest F,1450.529694798284
Ireland,Sørvest F,938.7576464876524
Italy,Sørvest F,1448.9625833762757
Lithuania,Sørvest F,1211.141218983597
Luxemb.,Sørvest F,794.3476910187384
Latvia,Sørvest F,1263.1782874113794
Macedonia,Sørvest F,2082.6297843807033
Netherlands,Sørvest F,524.7347247783296
NO1,Sørvest F,501.2623663889944
NO2,Sørvest F,287.7738298786905
NO3,Sørvest F,767.8577977516871
NO4,Sørvest F,1413.0898426839863
NO5,Sørvest F,439.37470477436085
Poland,Sørvest F,1068.5680763766425
Portugal,Sørvest F,2176.446502623818
Romania,Sørvest F,1834.1911936855727
Serbia,Sørvest F,1782.9182273640922
Sweden,Sørvest F,883.2959007237727
Slovenia,Sørvest F,1377.0150098349711
Slovakia,Sørvest F,1329.06522144739
Moray Firth,Sørvest F,498.8055515851711
Firth of Forth,Sørvest F,431.51526727789576
Dogger Bank,Sørvest F,273.7820116954589
Hornsea,Sørvest F,387.40442946616946
Outer Dowsing,Sørvest F,468.50810299066075
Norfolk,Sørvest F,484.5450940683236
East Anglia,Sørvest F,585.6182233291505
Borssele,Sørvest F,554.9167255233596
Hollandsee Kust,Sørvest F,490.4759308489046
Helgoländer Bucht,Sørvest F,314.18614161279663
Nordsøen,Sørvest F,146.33870705395682
Energyhub EU,Sørvest F,201.3689991940244
Nordvest A,Sørvest F,1080.3118100020295
Nordvest C,Sørvest F,783.761567931206
Vestavind A,Sørvest F,581.3690229009508
Sønnavind A,Sørvest F,171.60775376900787
Sørvest C,Sørvest F,65.04504130305723
Nordvest B,Sørvest F,896.9498240153015
Vestavind F,Sørvest F,277.7354164777177
Sørvest E,Sørvest F,72.85888818688554
Sørvest A,Sørvest F,145.86106720117633
Vestavind B,Sørvest F,479.5885321133069
Vestavind C,Sørvest F,408.43426450511845
Vestavind D,Sørvest F,394.6856490054789
Austria,Sørvest B,1332.23560143633
Bosnia H,Sørvest B,1790.4445119130696
Belgium,Sørvest B,746.6022295778184
Bulgaria,Sørvest B,2245.8566642027868
Switzerland,Sørvest B,1221.018731677738
Czech R,Sørvest B,1137.872316360945
Germany,Sørvest B,845.6649504654326
Denmark,Sørvest B,382.7688430867797
Estonia,Sørvest B,1298.2627031429238
Spain,Sørvest B,1983.032424659765
Finland,Sørvest B,1464.5814639080781
France,Sørvest B,1191.3002576974986
Great Brit.,Sørvest B,604.303917370682
Greece,Sørvest B,2432.4475321445766
Croatia,Sørvest B,1600.602160912338
Hungary,Sørvest B,1558.934579725331
Ireland,Sørvest B,880.0857863642823
Italy,Sørvest B,1538.8380858804117
Lithuania,Sørvest B,1303.9264860577232
Luxemb.,Sørvest B,869.4846265908325
Latvia,Sørvest B,1346.2795787727543
Macedonia,Sørvest B,2189.431671861496
Netherlands,Sørvest B,599.5660549710192
NO1,Sørvest B,526.1063255017259
NO2,Sørvest B,300.5853914771636
NO3,Sørvest B,753.9542651534459
NO4,Sørvest B,1393.2383553185523
NO5,Sørvest B,408.7584940237782
Poland,Sørvest B,1176.5748675767013
Portugal,Sørvest B,2183.613187525912
Romania,Sørvest B,1943.908738585249
Serbia,Sørvest B,1890.6886496742077
Sweden,Sørvest B,898.907031656584
Slovenia,Sørvest B,1479.1241403514034
Slovakia,Sørvest B,1438.6544502041106
Moray Firth,Sørvest B,392.3056927634207
Firth of Forth,Sørvest B,350.65859285384204
Dogger Bank,Sørvest B,289.13357720896596
Hornsea,Sørvest B,407.12611234452396
Outer Dowsing,Sørvest B,479.36697901976873
Norfolk,Sørvest B,517.5763875996644
East Anglia,Sørvest B,619.6267583822901
Borssele,Sørvest B,604.131361037478
Hollandsee Kust,Sørvest B,548.7572835856151
Helgoländer Bucht,Sørvest B,414.37087751074387
Nordsøen,Sørvest B,255.07722589770944
Energyhub EU,Sørvest B,292.61806197594484
Nordvest A,Sørvest B,1044.5538966329966
Nordvest C,Sørvest B,740.824559822014
Vestavind A,Sørvest B,518.826139992458
Sønnavind A,Sørvest B,243.66613054051913
Sørvest C,Sørvest B,47.78876853058077
Nordvest B,Sørvest B,855.6066785042059
Vestavind F,Sørvest B,227.3849614022482
Sørvest E,Sørvest B,83.66875964802058
Sørvest A,Sørvest B,63.0579987685134
Vestavind B,Sørvest B,415.142153404986
Vestavind C,Sørvest B,345.39462945376283
Vestavind D,Sørvest B,339.6445354055887
Sørvest F,Sørvest B,109.73924844681225
Austria,Nordavind B,2797.1816505645907
Bosnia H,Nordavind B,3136.377654969395
Belgium,Nordavind B,2619.3562955509283
Bulgaria,Nordavind B,3255.746381811413
Switzerland,Nordavind B,2964.569327449897
Czech R,Nordavind B,2524.6789805294857
Germany,Nordavind B,2465.852526545963
Denmark,Nordavind B,1943.8236104816883
Estonia,Nordavind B,1456.752692015813
Spain,Nordavind B,3928.106689802483
Finland,Nordavind B,882.1318407056566
France,Nordavind B,3091.469225330479
Great Brit.,Nordavind B,2563.062961094648
Greece,Nordavind B,3660.763061834676
Croatia,Nordavind B,2978.4722693006115
Hungary,Nordavind B,2804.1995257013386
Ireland,Nordavind B,2723.9070813730277
Italy,Nordavind B,3180.100694513023
Lithuania,Nordavind B,1849.9127906442027
Luxemb.,Nordavind B,2689.457072226622
Latvia,Nordavind B,1672.6592468085353
Macedonia,Nordavind B,3389.4691314881534
Netherlands,Nordavind B,2447.8153971061624
NO1,Nordavind B,1502.7644990893837
NO2,Nordavind B,1689.9642794344968
NO3,Nordavind B,1208.9245214491846
NO4,Nordavind B,569.9560673189809
NO5,Nordavind B,1552.6129804415768
Poland,Nordavind B,2228.3436688476118
Portugal,Nordavind B,4144.24886571896
Romania,Nordavind B,2886.4037184409826
Serbia,Nordavind B,3096.056666608454
Sweden,Nordavind B,1141.066481326578
Slovenia,Nordavind B,2945.871701778164
Slovakia,Nordavind B,2612.9841623693674
Moray Firth,Nordavind B,2061.2342164044626
Firth of Forth,Nordavind B,2210.3809637110558
Dogger Bank,Nordavind B,2243.9465196751144
Hornsea,Nordavind B,2361.0693613528724
Outer Dowsing,Nordavind B,2438.2585014877723
Norfolk,Nordavind B,2460.532842239675
East Anglia,Nordavind B,2560.9989469821876
Borssele,Nordavind B,2521.4767666078505
Hollandsee Kust,Nordavind B,2449.0285768311946
Helgoländer Bucht,Nordavind B,2181.676249726423
Nordsøen,Nordavind B,1979.9543638443615
Energyhub EU,Nordavind B,2136.9046186508713
Nordvest A,Nordavind B,948.1426514440808
Nordvest C,Nordavind B,1249.0624672140261
Vestavind A,Nordavind B,1499.2861396983878
Sønnavind A,Nordavind B,1843.8642302501703
Sørvest C,Nordavind B,1979.4062226109622
Nordvest B,Nordavind B,1139.7758196357845
Vestavind F,Nordavind B,1736.7533164623976
Sørvest E,Nordavind B,1913.927104944365
Sørvest A,Nordavind B,1900.3111424644671
Vestavind B,Nordavind B,1589.222899454785
Vestavind C,Nordavind B,1644.3299070744483
Vestavind D,Nordavind B,1636.9604009303366
Sørvest F,Nordavind B,1976.1853593162816
Sørvest B,Nordavind B,1960.881295312681
Austria,Nordavind A,2796.367631462349
Bosnia H,Nordavind A,3117.2831842306637
Belgium,Nordavind A,2667.157940057684
Bulgaria,Nordavind A,3204.7019562289274
Switzerland,Nordavind A,2989.848662889719
Czech R,Nordavind A,2524.171146334905
Germany,Nordavind A,2488.6957220122113
Denmark,Nordavind A,1986.7859164397157
Estonia,Nordavind A,1414.0510102085636
Spain,Nordavind A,3984.7045436490566
Finland,Nordavind A,837.5463399962226
France,Nordavind A,3138.96478599132
Great Brit.,Nordavind A,2638.570887602168
Greece,Nordavind A,3622.6798453212696
Croatia,Nordavind A,2965.445851778074
Hungary,Nordavind A,2783.0914039196546
Ireland,Nordavind A,2822.9554576246455
Italy,Nordavind A,3190.187656123905
Lithuania,Nordavind A,1809.749763586048
Luxemb.,Nordavind A,2728.781560362485
Latvia,Nordavind A,1625.5183411713374
Macedonia,Nordavind A,3352.7062739977623
Netherlands,Nordavind A,2495.252842190653
NO1,Nordavind A,1554.89592898912
NO2,Nordavind A,1753.5453787817212
NO3,Nordavind A,1280.6203011546093
NO4,Nordavind A,666.0257781662324
NO5,Nordavind A,1629.2590919709933
Poland,Nordavind A,2210.4730271659164
Portugal,Nordavind A,4216.413020389761
Romania,Nordavind A,2837.2234526098327
Serbia,Nordavind A,3064.922803039347
Sweden,Nordavind A,1180.5362823419746
Slovenia,Nordavind A,2941.9717202428624
Slovakia,Nordavind A,2590.9504155833188
Moray Firth,Nordavind A,2161.1873662613034
Firth of Forth,Nordavind A,2300.400126303673
Dogger Bank,Nordavind A,2312.4588098248305
Hornsea,Nordavind A,2428.3048455162316
Outer Dowsing,Nordavind A,2507.596924141157
Norfolk,Nordavind A,2523.460237840663
East Anglia,Nordavind A,2622.592143220399
Borssele,Nordavind A,2578.068075851654
Hollandsee Kust,Nordavind A,2503.692737248838
Helgoländer Bucht,Nordavind A,2228.168639480051
Nordsøen,Nordavind A,2033.5015574409522
Energyhub EU,Nordavind A,2192.3440139003474
Nordvest A,Nordavind A,1052.7369662818253
Nordvest C,Nordavind A,1344.130046425325
Vestavind A,Nordavind A,1594.0793584090509
Sønnavind A,Nordavind A,1900.5041101527247
Sørvest C,Nordavind A,2049.471470702159
Nordvest B,Nordavind A,1239.469099560948
Vestavind F,Nordavind A,1814.028963398608
Sørvest E,Nordavind A,1982.1640990684032
Sørvest A,Nordavind A,1975.3193323303146
Vestavind B,Nordavind A,1679.0695966955575
Vestavind C,Nordavind A,1730.0557987974632
Vestavind D,Nordavind A,1719.868580425857
Sørvest F,Nordavind A,2041.2623072911201
Sørvest B,Nordavind A,2034.3572161954633
Nordavind B,Nordavind A,168.95052314255435
Austria,Nordavind D,2681.342142022546
Bosnia H,Nordavind D,3050.8090998653893
Belgium,Nordavind D,2422.4374717629603
Bulgaria,Nordavind D,3229.7997994678835
Switzerland,Nordavind D,2802.1294403688207
Czech R,Nordavind D,2411.038967279041
Germany,Nordavind D,2311.897705439653
Denmark,Nordavind D,1762.412697067947
Estonia,Nordavind D,1443.7424339088238
Spain,Nordavind D,3711.0501997676474
Finland,Nordavind D,906.6402900933634
France,Nordavind D,2891.9168273473133
Great Brit.,Nordavind D,2323.8282460826686
Greece,Nordavind D,3607.2522812089005
Croatia,Nordavind D,2883.0548673349886
Hungary,Nordavind D,2725.1507806973923
Ireland,Nordavind D,2451.5153830300846
Italy,Nordavind D,3042.1219138492365
Lithuania,Nordavind D,1820.8117057622983
Luxemb.,Nordavind D,2505.753099644455
Latvia,Nordavind D,1661.3576239634363
Macedonia,Nordavind D,3335.103822914578
Netherlands,Nordavind D,2252.9438108908284
NO1,Nordavind D,1314.642746565157
NO2,Nordavind D,1478.506164274447
NO3,Nordavind D,996.0175200428076
NO4,Nordavind D,362.5370025593641
NO5,Nordavind D,1322.4666082745716
Poland,Nordavind D,2150.215645927124
Portugal,Nordavind D,3903.9367236674684
Romania,Nordavind D,2859.8171120217125
Serbia,Nordavind D,3033.173113714663
Sweden,Nordavind D,989.0253134478118
Slovenia,Nordavind D,2834.259273171702
Slovakia,Nordavind D,2537.6050300942634
Moray Firth,Nordavind D,1790.8343355459424
Firth of Forth,Nordavind D,1952.5948939763207
Dogger Bank,Nordavind D,2017.5966509834423
Hornsea,Nordavind D,2135.678647301405
Outer Dowsing,Nordavind D,2209.063281055991
Norfolk,Nordavind D,2240.985524759727
East Anglia,Nordavind D,2342.758917594097
Borssele,Nordavind D,2311.3419886898423
Hollandsee Kust,Nordavind D,2242.5396043310875
Helgoländer Bucht,Nordavind D,1991.1267598324198
Nordsøen,Nordavind D,1780.3862615016392
Energyhub EU,Nordavind D,1932.2746681883261
Nordvest A,Nordavind D,688.8060018668052
Nordvest C,Nordavind D,995.9708606846044
Vestavind A,Nordavind D,1241.8277539897463
Sønnavind A,Nordavind D,1641.2241221802224
Sørvest C,Nordavind D,1753.3581804833684
Nordvest B,Nordavind D,882.115326921721
Vestavind F,Nordavind D,1502.5857457898271
Sørvest E,Nordavind D,1691.5560228988309
Sørvest A,Nordavind D,1667.5172635718188
Vestavind B,Nordavind D,1337.863540926585
Vestavind C,Nordavind D,1398.4350075747031
Vestavind D,Nordavind D,1395.5087547861513
Sørvest F,Nordavind D,1758.0365503430844
Sørvest B,Nordavind D,1729.7461068278744
Nordavind B,Nordavind D,317.11391376617775
Nordavind A,Nordavind D,474.351732482631
Austria,Nordavind C,2718.262462932916
Bosnia H,Nordavind C,3083.934809646465
Belgium,Nordavind C,2468.8116415635645
Bulgaria,Nordavind C,3254.572674765974
Switzerland,Nordavind C,2844.863449467617
Czech R,Nordavind C,2447.473837687689
Germany,Nordavind C,2353.3448022768735
Denmark,Nordavind C,1806.6332633792938
Estonia,Nordavind C,1464.123270675042
Spain,Nordavind C,3759.729447280893
Finland,Nordavind C,918.3022469037264
France,Nordavind C,2938.738559007103
Great Brit.,Nordavind C,2374.1195485381295
Greece,Nordavind C,3636.2108765958
Croatia,Nordavind C,2917.409735621525
Hungary,Nordavind C,2757.172751603402
Ireland,Nordavind C,2503.9089872038226
Italy,Nordavind C,3082.0388360010875
Lithuania,Nordavind C,1844.5562533635791
Luxemb.,Nordavind C,2550.7505026315
Latvia,Nordavind C,1682.0649269764199
Macedonia,Nordavind C,3364.051199212196
Netherlands,Nordavind C,2299.0181619574455
NO1,Nordavind C,1359.0562843912899
NO2,Nordavind C,1525.7491794242117
NO3,Nordavind C,1042.666137833116
NO4,Nordavind C,404.12692149087275
NO5,Nordavind C,1371.43309301178
Poland,Nordavind C,2181.572907198459
Portugal,Nordavind C,3954.5568585934957
Romania,Nordavind C,2884.4346824571903
Serbia,Nordavind C,3063.151324714002
Sweden,Nordavind C,1027.9748003858247
Slovenia,Nordavind C,2870.725631541534
Slovakia,Nordavind C,2568.9695870128876
Moray Firth,Nordavind C,1843.0631626733104
Firth of Forth,Nordavind C,2004.13967977118
Dogger Bank,Nordavind C,2066.676660495808
Hornsea,Nordavind C,2184.722012273509
Outer Dowsing,Nordavind C,2258.475087602275
Norfolk,Nordavind C,2289.5315609663917
East Anglia,Nordavind C,2391.221765807305
Borssele,Nordavind C,2359.010626862023
Hollandsee Kust,Nordavind C,2289.8130626075676
Helgoländer Bucht,Nordavind C,2036.5706480484787
Nordsøen,Nordavind C,1826.6470518096532
Energyhub EU,Nordavind C,1979.1830588474197
Nordvest A,Nordavind C,739.5718460229211
Nordvest C,Nordavind C,1046.665934256889
Vestavind A,Nordavind C,1293.0748879383955
Sønnavind A,Nordavind C,1687.6921920460616
Sørvest C,Nordavind C,1802.2723200406256
Nordvest B,Nordavind C,933.0542322564379
Vestavind F,Nordavind C,1552.0823501716034
Sørvest E,Nordavind C,1740.0810320225437
Sørvest A,Nordavind C,1716.9983447444881
Vestavind B,Nordavind C,1388.7078414919172
Vestavind C,Nordavind C,1448.8781994401588
Vestavind D,Nordavind C,1445.5736690379288
Sørvest F,Nordavind C,1806.1958269543143
Sørvest B,Nordavind C,1779.1141533042007
Nordavind B,Nordavind C,270.52523294493096
Nordavind A,Nordavind C,432.084878829573
Nordavind D,Nordavind C,52.774021740441405
Austria,Vestavind E,1473.9783820638406
Bosnia H,Vestavind E,1926.6312158850076
Belgium,Vestavind E,940.1942927955575
Bulgaria,Vestavind E,2347.912809077968
Switzerland,Vestavind E,1402.3086344761025
Czech R,Vestavind E,1258.8819546919933
Germany,Vestavind E,996.0254794687985
Denmark,Vestavind E,459.16557442565147
Estonia,Vestavind E,1228.7953853302129
Spain,Vestavind E,2180.9083774812298
Finland,Vestavind E,1323.9680727783355
France,Vestavind E,1389.722480554952
Great Brit.,Vestavind E,791.6638814188748
Greece,Vestavind E,2564.766729847018
Croatia,Vestavind E,1736.7979204301732
Hungary,Vestavind E,1674.4690303220384
Ireland,Vestavind E,1012.0750611658664
Italy,Vestavind E,1710.6124739173204
Lithuania,Vestavind E,1294.5275572329747
Luxemb.,Vestavind E,1056.8728795399254
Latvia,Vestavind E,1307.709676601249
Macedonia,Vestavind E,2314.3908506306057
Netherlands,Vestavind E,786.7928838757791
NO1,Vestavind E,403.47299785568913
NO2,Vestavind E,199.5967060361111
NO3,Vestavind E,571.9046730225723
NO4,Vestavind E,1202.5477474354925
NO5,Vestavind E,222.22880185495444
Poland,Vestavind E,1240.4832358296558
Portugal,Vestavind E,2373.2578906855288
Romania,Vestavind E,2029.3691902163382
Serbia,Vestavind E,2010.0890148681815
Sweden,Vestavind E,745.7680669363857
Slovenia,Vestavind E,1625.2050420896007
Slovakia,Vestavind E,1538.6930775751055
Moray Firth,Vestavind E,414.2332462877426
Firth of Forth,Vestavind E,469.54278387525164
Dogger Bank,Vestavind E,488.0068082715457
Hornsea,Vestavind E,605.7352113892289
Outer Dowsing,Vestavind E,675.7732899271858
Norfolk,Vestavind E,716.8676811762235
East Anglia,Vestavind E,818.9031137838698
Borssele,Vestavind E,802.1346578716204
Hollandsee Kust,Vestavind E,744.1787714206379
Helgoländer Bucht,Vestavind E,572.2671529606891
Nordsøen,Vestavind E,369.10073506439824
Energyhub EU,Vestavind E,464.85217841674563
Nordvest A,Vestavind E,847.4639394667813
Nordvest C,Vestavind E,542.4421312386976
Vestavind A,Vestavind E,321.31486669425703
Sønnavind A,Vestavind E,273.65474384442075
Sørvest C,Vestavind E,232.6935339478771
Nordvest B,Vestavind E,657.3413547755302
Vestavind F,Vestavind E,41.71947422313067
Sørvest E,Vestavind E,191.237612618074
Sørvest A,Vestavind E,136.2717068318273
Vestavind B,Vestavind E,218.05654177733194
Vestavind C,Vestavind E,147.26022397538424
Vestavind D,Vestavind E,140.51367037350008
Sørvest F,Vestavind E,263.56088406487356
Sørvest B,Vestavind E,199.29587637931525
Nordavind B,Vestavind E,1771.7557389685676
Nordavind A,Vestavind E,1850.804162607997
Nordavind D,Vestavind E,1534.3494615560398
Nordavind C,Vestavind E,1584.1572890607647
Austria,Sørvest D,1237.4667397734806
Bosnia H,Sørvest D,1696.6912073621097
Belgium,Sørvest D,645.0428165607202
Bulgaria,Sørvest D,2163.4458240942013
Switzerland,Sørvest D,1117.7929867797682
Czech R,Sørvest D,1051.1091142843522
Germany,Sørvest D,749.5851184065364
Denmark,Sørvest D,335.4510023443945
Estonia,Sørvest D,1301.4135670914077
Spain,Sørvest D,1896.545704782747
Finland,Sørvest D,1507.2756735263956
France,Sørvest D,1094.387979382918
Great Brit.,Sørvest D,540.7520757240674
Greece,Sørvest D,2339.2909468674106
Croatia,Sørvest D,1507.1204211402915
Hungary,Sørvest D,1472.7846676013737
Ireland,Sørvest D,865.1334217626567
Italy,Sørvest D,1436.4531930840712
Lithuania,Sørvest D,1275.767546207151
Luxemb.,Sørvest D,766.3983273861493
Latvia,Sørvest D,1332.673288280173
Macedonia,Sørvest D,2098.8796215874654
Netherlands,Sørvest D,496.3887562532653
NO1,Sørvest D,572.8900633034566
NO2,Sørvest D,354.9852893043917
NO3,Sørvest D,829.2210356831359
NO4,Sørvest D,1472.9779245079353
NO5,Sørvest D,492.29806872235054
Poland,Sørvest D,1114.0837611155212
Portugal,Sørvest D,2110.29924525856
Romania,Sørvest D,1868.608426181841
Serbia,Sørvest D,1802.4498078793988
Sweden,Sørvest D,953.7864542024396
Slovenia,Sørvest D,1382.7582344913878
Slovakia,Sørvest D,1358.9373438856958
Moray Firth,Sørvest D,457.0976286854695
Firth of Forth,Sørvest D,366.7306141416979
Dogger Bank,Sørvest D,206.2268043271023
Hornsea,Sørvest D,322.92853738248255
Outer Dowsing,Sørvest D,401.3856841678925
Norfolk,Sørvest D,426.764819250132
East Anglia,Sørvest D,528.7920091520554
Borssele,Sørvest D,506.6607535717044
Hollandsee Kust,Sørvest D,448.230397244311
Helgoländer Bucht,Sørvest D,319.4972613509346
Nordsøen,Sørvest D,199.28318610556704
Energyhub EU,Sørvest D,193.92137272877565
Nordvest A,Sørvest D,1132.7383862776435
Nordvest C,Sørvest D,832.0072016125165
Vestavind A,Sørvest D,617.3315338366887
Sønnavind A,Sørvest D,246.39552239936532
Sørvest C,Sørvest D,63.418076683203495
Nordvest B,Sørvest D,946.2603159734563
Vestavind F,Sørvest D,318.6832242642345
Sørvest E,Sørvest D,124.25021771747151
Sørvest A,Sørvest D,162.0970107867454
Vestavind B,Sørvest D,513.9018314360609
Vestavind C,Sørvest D,443.2992757361741
Vestavind D,Sørvest D,434.4319467484764
Sørvest F,Sørvest D,74.86815592933463
Sørvest B,Sørvest D,103.25514574283879
Nordavind B,Sørvest D,2038.1428203884475
Nordavind A,Sørvest D,2106.237169408457
Nordavind D,Sørvest D,1814.5051677035817
Nordavind C,Sørvest D,1863.2290808330022
Vestavind E,Sørvest D,296.0534674874936
Austria,Energyhub North,1497.9567035325595
Bosnia H,Energyhub North,1956.3528540400828
Belgium,Energyhub North,886.8301588049173
Bulgaria,Energyhub North,2409.359484686783
Switzerland,Energyhub North,1373.6307183072622
Czech R,Energyhub North,1303.2111215844284
Germany,Energyhub North,1010.9472534195227
Denmark,Energyhub North,533.379750214953
Estonia,Energyhub North,1380.3057374123541
Spain,Energyhub North,2075.197632652573
Finland,Energyhub North,1483.5891765481051
France,Energyhub North,1313.4265934669113
Great Brit.,Energyhub North,669.3510307972133
Greece,Energyhub North,2598.417431174913
Croatia,Energyhub North,1766.5323867831296
Hungary,Energyhub North,1723.979565894793
Ireland,Energyhub North,854.3978160081788
Italy,Energyhub North,1696.8454227741931
Lithuania,Energyhub North,1424.2035444800845
Luxemb.,Energyhub North,1017.8100666686641
Latvia,Energyhub North,1449.4511335896764
Macedonia,Energyhub North,2355.3178108706506
Netherlands,Energyhub North,750.2063934499362
NO1,Energyhub North,562.4040122793264
NO2,Energyhub North,348.91826590478826
NO3,Energyhub North,719.546180394146
NO4,Energyhub North,1336.3882518380628
NO5,Energyhub North,373.45127099863254
Poland,Energyhub North,1329.1140067482793
Portugal,Energyhub North,2246.450821318451
Romania,Energyhub North,2103.8425567646054
Serbia,Energyhub North,2056.20687761049
Sweden,Energyhub North,904.3636000270994
Slovenia,Energyhub North,1644.3924156308678
Slovakia,Energyhub North,1601.2911615147752
Moray Firth,Energyhub North,263.86815743224577
Firth of Forth,Energyhub North,313.54586059635653
Dogger Bank,Energyhub North,406.1308920887381
Hornsea,Energyhub North,516.8844406465255
Outer Dowsing,Energyhub North,574.7851123577321
Norfolk,Energyhub North,634.3083284189661
East Anglia,Energyhub North,733.5994155053935
Borssele,Energyhub North,733.4276139716635
Hollandsee Kust,Energyhub North,687.394972167941
Helgoländer Bucht,Energyhub North,579.7724235309286
Nordsøen,Energyhub North,414.39015913385475
Energyhub EU,Energyhub North,456.23201243696184
Nordvest A,Energyhub North,968.8787832393581
Nordvest C,Energyhub North,661.8094699050001
Vestavind A,Energyhub North,418.355232500088
Sønnavind A,Energyhub North,367.689589630726
Sørvest C,Energyhub North,213.77677179336305
Nordvest B,Energyhub North,775.5588503470736
Vestavind F,Energyhub North,201.99773857134633
Sørvest E,Energyhub North,223.21321489686775
Sørvest A,Energyhub North,137.18444096273615
Vestavind B,Energyhub North,319.78678545225284
Vestavind C,Energyhub North,262.10591196487377
Vestavind D,Energyhub North,272.7127514800993
Sørvest F,Energyhub North,273.4512724270304
Sørvest B,Energyhub North,165.99056701712138
Nordavind B,Energyhub North,1906.3334150747037
Nordavind A,Energyhub North,1991.8017463223855
Nordavind D,Energyhub North,1657.6394646829715
Nordavind C,Energyhub North,1708.444961920811
Vestavind E,Energyhub North,160.29266630416234
Sørvest D,Energyhub North,262.74603110512686
Austria,Energyhub Central,1226.0719166902463
Bosnia H,Energyhub Central,1686.1041551061244
Belgium,Energyhub Central,603.2255106526183
Bulgaria,Energyhub Central,2165.065018411504
Switzerland,Energyhub Central,1085.2114354707765
Czech R,Energyhub Central,1049.9793596525667
Germany,Energyhub Central,737.6167391805519
Denmark,Energyhub Central,370.3042087777643
Estonia,Energyhub Central,1350.1939339568964
Spain,Energyhub Central,1842.068319255391
Finland,Energyhub Central,1564.0175394024136
France,Energyhub Central,1045.8130937333588
Great Brit.,Energyhub Central,483.128230753793
Greece,Energyhub Central,2329.035788362614
Croatia,Energyhub Central,1497.1086594966187
Hungary,Energyhub Central,1471.4207826465051
Ireland,Energyhub Central,816.7886606254808
Italy,Energyhub Central,1409.0891960548824
Lithuania,Energyhub Central,1313.145235554727
Luxemb.,Energyhub Central,730.2190413574522
Latvia,Energyhub Central,1375.8538136173051
Macedonia,Energyhub Central,2091.997170713353
Netherlands,Energyhub Central,461.8513696984466
NO1,Energyhub Central,630.3860851502499
NO2,Energyhub Central,412.6761072387179
NO3,Energyhub Central,885.7122944523102
NO4,Energyhub Central,1528.8529417392917
NO5,Energyhub Central,546.684836206523
Poland,Energyhub Central,1133.0834308750914
Portugal,Energyhub Central,2053.045605623634
Romania,Energyhub Central,1876.7441263072967
Serbia,Energyhub Central,1798.4477245036114
Sweden,Energyhub Central,1011.4710218647609
Slovenia,Energyhub Central,1368.7398035480087
Slovakia,Energyhub Central,1363.9852564162993
Moray Firth,Energyhub Central,451.80651629206585
Firth of Forth,Energyhub Central,336.1140059687996
Dogger Bank,Energyhub Central,149.38634470346867
Hornsea,Energyhub Central,266.89163112561715
Outer Dowsing,Energyhub Central,344.2208611974905
Norfolk,Energyhub Central,373.62015468494013
East Anglia,Energyhub Central,475.7737647656814
Borssele,Energyhub Central,458.64901519955026
Hollandsee Kust,Energyhub Central,404.54632675875877
Helgoländer Bucht,Energyhub Central,314.2910837188869
Nordsøen,Energyhub Central,235.07734551350015
Energyhub EU,Energyhub Central,186.55197462210765
Nordvest A,Energyhub Central,1186.0830411663585
Nordvest C,Energyhub Central,883.9538075460179
Vestavind A,Energyhub Central,664.3248007513852
Sønnavind A,Energyhub Central,300.2569645549847
Sørvest C,Energyhub Central,115.79956156920171
Nordvest B,Energyhub Central,998.5026996536859
Vestavind F,Energyhub Central,369.87359948039057
Sørvest E,Energyhub Central,181.24016095241814
Sørvest A,Energyhub Central,208.11350325445972
Vestavind B,Energyhub Central,560.6437038899214
Vestavind C,Energyhub Central,490.7935239365004
Vestavind D,Energyhub Central,484.1217894445542
Sørvest F,Energyhub Central,130.37728177560174
Sørvest B,Energyhub Central,145.50519539531902
Nordavind B,Energyhub Central,2094.561239202713
Nordavind A,Energyhub Central,2163.4010590707358
Nordavind D,Energyhub Central,1869.1513398004238
Nordavind C,Energyhub Central,1918.071877104113
Vestavind E,Energyhub Central,344.23596940100356
Sørvest D,Energyhub Central,57.726446647911715
Energyhub North,Energyhub Central,288.4848812978951
